X--Kurve 1::[-I(R1:2) | I(TK1)],Y--Kurve 1::[-I(R1:2) | I(TK1)],,X--Kurve 2::[V(1) | V(TK4)],Y--Kurve 2::[V(1) | V(TK4)]
0,0.490726,,0,14.8773
2e-07,0.490591,,2e-07,14.8774
4e-07,0.490457,,4e-07,14.8774
8e-07,0.490188,,8e-07,14.8775
1.6e-06,0.489652,,1.6e-06,14.8776
3.2e-06,0.488582,,3.2e-06,14.8779
6.4e-06,0.486453,,6.4e-06,14.8784
1.28e-05,0.482235,,1.28e-05,14.8794
2e-05,0.477598,,2e-05,14.8806
2.128e-05,0.477891,,2.128e-05,14.8805
2.384e-05,0.478389,,2.384e-05,14.8804
2.896e-05,0.479386,,2.896e-05,14.8802
3.408e-05,0.480389,,3.408e-05,14.8799
4e-05,0.481553,,4e-05,14.8796
4.1024e-05,0.482113,,4.1024e-05,14.8795
4.3072e-05,0.483231,,4.3072e-05,14.8792
4.7168e-05,0.485478,,4.7168e-05,14.8786
5.536e-05,0.490018,,5.536e-05,14.8775
6e-05,0.492675,,6e-05,14.8768
6.16384e-05,0.493679,,6.16384e-05,14.8766
6.49152e-05,0.495669,,6.49152e-05,14.8761
7.14688e-05,0.499683,,7.14688e-05,14.8751
8e-05,0.505017,,8e-05,14.8737
8.13107e-05,0.505359,,8.13107e-05,14.8737
8.39322e-05,0.505929,,8.39322e-05,14.8735
8.9175e-05,0.507071,,8.9175e-05,14.8732
9.44179e-05,0.508221,,9.44179e-05,14.8729
0.0001,0.50945,,0.0001,14.8726
0.000101049,0.509917,,0.000101049,14.8725
0.000103146,0.510848,,0.000103146,14.8723
0.00010734,0.512718,,0.00010734,14.8718
0.000115729,0.516488,,0.000115729,14.8709
0.00013,0.523012,,0.00013,14.8692
0.000131678,0.523251,,0.000131678,14.8692
0.000135033,0.523563,,0.000135033,14.8691
0.000141744,0.524188,,0.000141744,14.869
0.00015,0.524958,,0.00015,14.8688
0.000151342,0.524834,,0.000151342,14.8688
0.000154027,0.524583,,0.000154027,14.8689
0.000159395,0.524082,,0.000159395,14.869
0.00017,0.523093,,0.00017,14.8692
0.000171074,0.523893,,0.000171074,14.869
0.000173221,0.525493,,0.000173221,14.8686
0.000177516,0.528717,,0.000177516,14.8678
0.000186106,0.535254,,0.000186106,14.8662
0.00019,0.538363,,0.00019,14.8654
0.000191718,0.539289,,0.000191718,14.8652
0.000195154,0.541112,,0.000195154,14.8647
0.000202026,0.544786,,0.000202026,14.8638
0.00021,0.549126,,0.00021,14.8627
0.000211374,0.550613,,0.000211374,14.8623
0.000214123,0.553539,,0.000214123,14.8616
0.000219621,0.559459,,0.000219621,14.8601
0.00023,0.570911,,0.00023,14.8573
0.0002311,0.572043,,0.0002311,14.857
0.000233299,0.573837,,0.000233299,14.8565
0.000237697,0.577451,,0.000237697,14.8556
0.000246493,0.584782,,0.000246493,14.8538
0.00025,0.587865,,0.00025,14.853
0.000251759,0.589647,,0.000251759,14.8526
0.000255278,0.593206,,0.000255278,14.8517
0.000262315,0.600421,,0.000262315,14.8499
0.00027,0.60856,,0.00027,14.8479
0.000271407,0.607767,,0.000271407,14.8481
0.000274222,0.605967,,0.000274222,14.8485
0.000279852,0.602391,,0.000279852,14.8494
0.00029,0.596031,,0.00029,14.851
0.000291126,0.596128,,0.000291126,14.851
0.000293378,0.59619,,0.000293378,14.851
0.000297881,0.596313,,0.000297881,14.8509
0.000306888,0.59656,,0.000306888,14.8509
0.00031,0.596646,,0.00031,14.8508
0.000311801,0.597124,,0.000311801,14.8507
0.000315404,0.598082,,0.000315404,14.8505
0.00032261,0.600005,,0.00032261,14.85
0.00033,0.601995,,0.00033,14.8495
0.000331441,0.601983,,0.000331441,14.8495
0.000334323,0.601945,,0.000334323,14.8495
0.000340088,0.601871,,0.000340088,14.8495
0.00035,0.601744,,0.00035,14.8496
0.000351153,0.601897,,0.000351153,14.8495
0.000353459,0.602204,,0.000353459,14.8494
0.00035807,0.602819,,0.00035807,14.8493
0.000367294,0.604051,,0.000367294,14.849
0.00038,0.605758,,0.00038,14.8486
0.000381845,0.603142,,0.000381845,14.8492
0.000385534,0.597958,,0.000385534,14.8505
0.000392913,0.587788,,0.000392913,14.8531
0.0004,0.578476,,0.0004,14.8554
0.000401476,0.579234,,0.000401476,14.8552
0.000404427,0.580457,,0.000404427,14.8549
0.00041033,0.582916,,0.00041033,14.8543
0.00042,0.586983,,0.00042,14.8533
0.000421181,0.587094,,0.000421181,14.8532
0.000423542,0.587259,,0.000423542,14.8532
0.000428264,0.58759,,0.000428264,14.8531
0.000437709,0.588252,,0.000437709,14.8529
0.00044,0.588414,,0.00044,14.8529
0.000441889,0.586707,,0.000441889,14.8533
0.000445667,0.583318,,0.000445667,14.8542
0.000453223,0.576627,,0.000453223,14.8558
0.00046,0.57082,,0.00046,14.8573
0.000461511,0.570097,,0.000461511,14.8575
0.000464533,0.568539,,0.000464533,14.8579
0.000470578,0.565442,,0.000470578,14.8586
0.00048,0.560677,,0.00048,14.8598
0.000481209,0.561626,,0.000481209,14.8596
0.000483627,0.563453,,0.000483627,14.8591
0.000488462,0.567134,,0.000488462,14.8582
0.000498134,0.574605,,0.000498134,14.8563
0.0005,0.576179,,0.0005,14.856
0.000501934,0.580365,,0.000501934,14.8549
0.000505803,0.588882,,0.000505803,14.8528
0.00051354,0.606486,,0.00051354,14.8484
0.00052,0.622513,,0.00052,14.8444
0.000521547,0.622681,,0.000521547,14.8443
0.000524642,0.622175,,0.000524642,14.8445
0.000530832,0.621167,,0.000530832,14.8447
0.00054,0.61968,,0.00054,14.8451
0.000541238,0.617835,,0.000541238,14.8455
0.000543714,0.614164,,0.000543714,14.8465
0.000548666,0.606922,,0.000548666,14.8483
0.000558569,0.592817,,0.000558569,14.8518
0.00056,0.591182,,0.00056,14.8522
0.000561981,0.592365,,0.000561981,14.8519
0.000565942,0.59473,,0.000565942,14.8513
0.000573865,0.599504,,0.000573865,14.8501
0.00058,0.603291,,0.00058,14.8492
0.000581585,0.604053,,0.000581585,14.849
0.000584754,0.605535,,0.000584754,14.8486
0.000591092,0.608515,,0.000591092,14.8479
0.0006,0.612754,,0.0006,14.8468
0.000601268,0.611773,,0.000601268,14.8471
0.000603803,0.609761,,0.000603803,14.8476
0.000608874,0.605766,,0.000608874,14.8486
0.000619015,0.597893,,0.000619015,14.8505
0.00063,0.589659,,0.00063,14.8526
0.000632,0.59064,,0.000632,14.8523
0.000636,0.592383,,0.000636,14.8519
0.000644,0.595891,,0.000644,14.851
0.00065,0.598571,,0.00065,14.8504
0.0006516,0.599579,,0.0006516,14.8501
0.0006548,0.601579,,0.0006548,14.8496
0.0006612,0.605609,,0.0006612,14.8486
0.00067,0.611243,,0.00067,14.8472
0.00067128,0.612468,,0.00067128,14.8469
0.00067384,0.614824,,0.00067384,14.8463
0.00067896,0.619578,,0.00067896,14.8451
0.00068408,0.624433,,0.00068408,14.8439
0.00069,0.630131,,0.00069,14.8425
0.000691024,0.628765,,0.000691024,14.8428
0.000693072,0.625944,,0.000693072,14.8435
0.000697168,0.62036,,0.000697168,14.8449
0.00070536,0.609413,,0.00070536,14.8476
0.00071,0.603592,,0.00071,14.8491
0.000711638,0.600207,,0.000711638,14.8499
0.000714915,0.593418,,0.000714915,14.8516
0.000721469,0.580183,,0.000721469,14.855
0.00073,0.563904,,0.00073,14.859
0.000731311,0.56595,,0.000731311,14.8585
0.000733932,0.569166,,0.000733932,14.8577
0.000739175,0.575677,,0.000739175,14.8561
0.000744418,0.582394,,0.000744418,14.8544
0.00075,0.589711,,0.00075,14.8526
0.000751049,0.591767,,0.000751049,14.8521
0.000753146,0.595729,,0.000753146,14.8511
0.00075734,0.603774,,0.00075734,14.8491
0.000765729,0.620357,,0.000765729,14.8449
0.00077,0.629683,,0.00077,14.8426
0.000771678,0.626776,,0.000771678,14.8433
0.000775033,0.620762,,0.000775033,14.8448
0.000781744,0.608994,,0.000781744,14.8478
0.00079,0.595209,,0.00079,14.8512
0.000791342,0.594447,,0.000791342,14.8514
0.000794027,0.592311,,0.000794027,14.8519
0.000799395,0.588076,,0.000799395,14.853
0.00081,0.579843,,0.00081,14.855
0.000811074,0.581591,,0.000811074,14.8546
0.000813221,0.584881,,0.000813221,14.8538
0.000817516,0.591546,,0.000817516,14.8521
0.000826106,0.605222,,0.000826106,14.8487
0.00083,0.611999,,0.00083,14.847
0.000831718,0.610232,,0.000831718,14.8474
0.000835154,0.606579,,0.000835154,14.8484
0.000842026,0.599372,,0.000842026,14.8502
0.00085,0.591265,,0.00085,14.8522
0.000851374,0.590834,,0.000851374,14.8523
0.000854123,0.589755,,0.000854123,14.8526
0.000859621,0.587607,,0.000859621,14.8531
0.000870616,0.583346,,0.000870616,14.8542
0.00088,0.579786,,0.00088,14.8551
0.000882,0.578545,,0.000882,14.8554
0.000886,0.576033,,0.000886,14.856
0.000894,0.571059,,0.000894,14.8572
0.0009,0.567428,,0.0009,14.8581
0.0009016,0.568332,,0.0009016,14.8579
0.0009048,0.570101,,0.0009048,14.8575
0.0009112,0.573664,,0.0009112,14.8566
0.00092,0.57864,,0.00092,14.8553
0.00092128,0.579327,,0.00092128,14.8552
0.00092384,0.580618,,0.00092384,14.8548
0.00092896,0.583212,,0.00092896,14.8542
0.00093408,0.585839,,0.00093408,14.8535
0.00094,0.588901,,0.00094,14.8528
0.000941024,0.589592,,0.000941024,14.8526
0.000943072,0.590946,,0.000943072,14.8523
0.000947168,0.593666,,0.000947168,14.8516
0.00095536,0.599165,,0.00095536,14.8502
0.00096,0.602382,,0.00096,14.8494
0.000961638,0.602149,,0.000961638,14.8495
0.000964915,0.601649,,0.000964915,14.8496
0.000971469,0.600651,,0.000971469,14.8498
0.00098,0.599357,,0.00098,14.8502
0.000981311,0.600064,,0.000981311,14.85
0.000983932,0.601478,,0.000983932,14.8496
0.000989175,0.604321,,0.000989175,14.8489
0.000994418,0.607201,,0.000994418,14.8482
0.001,0.610295,,0.001,14.8474
0.00100105,0.610276,,0.00100105,14.8474
0.00100315,0.610205,,0.00100315,14.8474
0.00100734,0.610064,,0.00100734,14.8475
0.00101573,0.609782,,0.00101573,14.8476
0.00102,0.609638,,0.00102,14.8476
0.00102168,0.609821,,0.00102168,14.8475
0.00102503,0.610187,,0.00102503,14.8475
0.00103174,0.610921,,0.00103174,14.8473
0.00104,0.611826,,0.00104,14.847
0.00104134,0.612064,,0.00104134,14.847
0.00104403,0.612538,,0.00104403,14.8469
0.0010494,0.613488,,0.0010494,14.8466
0.00106,0.615371,,0.00106,14.8462
0.00106107,0.613513,,0.00106107,14.8466
0.00106322,0.609814,,0.00106322,14.8475
0.00106752,0.602517,,0.00106752,14.8494
0.00107611,0.58831,,0.00107611,14.8529
0.00108,0.58246,,0.00108,14.8544
0.00108172,0.582856,,0.00108172,14.8543
0.00108515,0.583527,,0.00108515,14.8541
0.00109203,0.584874,,0.00109203,14.8538
0.0011,0.586446,,0.0011,14.8534
0.00110137,0.58561,,0.00110137,14.8536
0.00110412,0.583936,,0.00110412,14.854
0.00110962,0.580609,,0.00110962,14.8548
0.00112,0.57441,,0.00112,14.8564
0.0011211,0.574422,,0.0011211,14.8564
0.0011233,0.574314,,0.0011233,14.8564
0.0011277,0.5741,,0.0011277,14.8565
0.00113649,0.57367,,0.00113649,14.8566
0.00115,0.573011,,0.00115,14.8567
0.00115176,0.573598,,0.00115176,14.8566
0.00115528,0.574772,,0.00115528,14.8563
0.00116231,0.577131,,0.00116231,14.8557
0.00117,0.579736,,0.00117,14.8551
0.00117141,0.57801,,0.00117141,14.8555
0.00117422,0.574562,,0.00117422,14.8564
0.00117985,0.567757,,0.00117985,14.8581
0.00119,0.55582,,0.00119,14.861
0.00119113,0.555886,,0.00119113,14.861
0.00119338,0.555524,,0.00119338,14.8611
0.00119788,0.554802,,0.00119788,14.8613
0.00120689,0.55336,,0.00120689,14.8617
0.00121,0.552868,,0.00121,14.8618
0.0012118,0.555663,,0.0012118,14.8611
0.0012154,0.561323,,0.0012154,14.8597
0.00122261,0.572904,,0.00122261,14.8568
0.00123,0.585461,,0.00123,14.8536
0.00123144,0.58561,,0.00123144,14.8536
0.00123432,0.585355,,0.00123432,14.8537
0.00124009,0.584845,,0.00124009,14.8538
0.00125,0.583972,,0.00125,14.854
0.00125115,0.585945,,0.00125115,14.8535
0.00125346,0.589922,,0.00125346,14.8525
0.00125807,0.597999,,0.00125807,14.8505
0.00126729,0.614657,,0.00126729,14.8463
0.00127,0.620263,,0.00127,14.8449
0.00127184,0.61622,,0.00127184,14.8459
0.00127553,0.608173,,0.00127553,14.848
0.00128291,0.592547,,0.00128291,14.8519
0.00129,0.578592,,0.00129,14.8554
0.00129148,0.601192,,0.00129148,14.8497
0.00129443,0.6513,,0.00129443,14.8372
0.00130033,0.781588,,0.00130033,14.8046
0.00131,1.16255,,0.00131,14.7094
0.00131118,1.20693,,0.00131118,14.6983
0.00131354,1.3067,,0.00131354,14.6733
0.00131826,1.56551,,0.00131826,14.6086
0.00132771,2.59246,,0.00132771,14.3519
0.00133,3.08307,,0.00133,14.2292
0.00133189,2.57849,,0.00133189,14.3554
0.00133567,1.94263,,0.00133567,14.5143
0.00134322,1.30098,,0.00134322,14.6748
0.00135,1.00363,,0.00135,14.7491
0.00135151,0.996646,,0.00135151,14.7508
0.00135453,0.982922,,0.00135453,14.7543
0.00136058,0.956315,,0.00136058,14.7609
0.00137,0.919008,,0.00137,14.7702
0.00137121,0.910738,,0.00137121,14.7723
0.00137363,0.894568,,0.00137363,14.7764
0.00137846,0.86455,,0.00137846,14.7839
0.00138813,0.809714,,0.00138813,14.7976
0.0014,0.751252,,0.0014,14.8122
0.00140193,0.749666,,0.00140193,14.8126
0.0014058,0.746511,,0.0014058,14.8134
0.00141354,0.740261,,0.00141354,14.8149
0.00142,0.735171,,0.00142,14.8162
0.00142155,0.735479,,0.00142155,14.8161
0.00142464,0.736025,,0.00142464,14.816
0.00143083,0.737119,,0.00143083,14.8157
0.00144,0.738745,,0.00144,14.8153
0.00144124,0.735344,,0.00144124,14.8162
0.00144371,0.728613,,0.00144371,14.8178
0.00144867,0.715426,,0.00144867,14.8211
0.00145857,0.690982,,0.00145857,14.8273
0.00146,0.687539,,0.00146,14.8281
0.00146198,0.684813,,0.00146198,14.8288
0.00146594,0.67938,,0.00146594,14.8302
0.00147386,0.668707,,0.00147386,14.8328
0.00148,0.660832,,0.00148,14.8348
0.00148158,0.65855,,0.00148158,14.8354
0.00148475,0.65384,,0.00148475,14.8365
0.00149109,0.644572,,0.00149109,14.8389
0.0015,0.631995,,0.0015,14.842
0.00150127,0.631613,,0.00150127,14.8421
0.0015038,0.630364,,0.0015038,14.8424
0.00150887,0.627879,,0.00150887,14.843
0.00151394,0.625421,,0.00151394,14.8436
0.00152,0.622506,,0.00152,14.8444
0.00152101,0.623138,,0.00152101,14.8442
0.00152304,0.624378,,0.00152304,14.8439
0.0015271,0.62687,,0.0015271,14.8433
0.00153521,0.631898,,0.00153521,14.842
0.00154,0.634948,,0.00154,14.8413
0.00154162,0.636019,,0.00154162,14.841
0.00154487,0.638139,,0.00154487,14.8405
0.00155136,0.642413,,0.00155136,14.8394
0.00156,0.648198,,0.00156,14.838
0.0015613,0.644101,,0.0015613,14.839
0.00156389,0.635932,,0.00156389,14.841
0.00156909,0.620057,,0.00156909,14.845
0.00157428,0.605249,,0.00157428,14.8487
0.00158,0.58965,,0.00158,14.8526
0.00158104,0.586878,,0.00158104,14.8533
0.00158312,0.580613,,0.00158312,14.8548
0.00158727,0.568385,,0.00158727,14.8579
0.00159558,0.545996,,0.00159558,14.8635
0.0016,0.53442,,0.0016,14.8664
0.00160166,0.533653,,0.00160166,14.8666
0.00160498,0.531646,,0.00160498,14.8671
0.00161163,0.527666,,0.00161163,14.8681
0.00162,0.52275,,0.00162,14.8693
0.00162133,0.523138,,0.00162133,14.8692
0.00162399,0.523825,,0.00162399,14.869
0.0016293,0.525203,,0.0016293,14.8687
0.00163994,0.527974,,0.00163994,14.868
0.00165,0.530636,,0.00165,14.8673
0.001652,0.530706,,0.001652,14.8673
0.001656,0.530819,,0.001656,14.8673
0.001664,0.531047,,0.001664,14.8672
0.00167,0.531217,,0.00167,14.8672
0.0016716,0.531668,,0.0016716,14.8671
0.0016748,0.532572,,0.0016748,14.8669
0.0016812,0.534387,,0.0016812,14.8664
0.00169,0.536904,,0.00169,14.8658
0.00169128,0.535664,,0.00169128,14.8661
0.00169384,0.533174,,0.00169384,14.8667
0.00169896,0.528248,,0.00169896,14.8679
0.00170408,0.523446,,0.00170408,14.8691
0.00171,0.517986,,0.00171,14.8705
0.00171102,0.518083,,0.00171102,14.8705
0.00171307,0.518163,,0.00171307,14.8705
0.00171717,0.518322,,0.00171717,14.8704
0.00172536,0.518642,,0.00172536,14.8703
0.00173,0.518823,,0.00173,14.8703
0.00173164,0.518839,,0.00173164,14.8703
0.00173492,0.518871,,0.00173492,14.8703
0.00174147,0.518933,,0.00174147,14.8703
0.00175,0.519015,,0.00175,14.8702
0.00175131,0.519408,,0.00175131,14.8701
0.00175393,0.520196,,0.00175393,14.87
0.00175918,0.521776,,0.00175918,14.8696
0.00176442,0.52337,,0.00176442,14.8692
0.00177,0.525076,,0.00177,14.8687
0.00177105,0.523423,,0.00177105,14.8691
0.00177315,0.520129,,0.00177315,14.87
0.00177734,0.513636,,0.00177734,14.8716
0.00178573,0.501011,,0.00178573,14.8747
0.00179,0.495157,,0.00179,14.8762
0.00179168,0.495399,,0.00179168,14.8762
0.00179503,0.495742,,0.00179503,14.8761
0.00180174,0.49643,,0.00180174,14.8759
0.00181,0.497278,,0.00181,14.8757
0.00181134,0.499395,,0.00181134,14.8752
0.00181403,0.503671,,0.00181403,14.8741
0.0018194,0.512388,,0.0018194,14.8719
0.00183,0.530933,,0.00183,14.8673
0.00183107,0.532874,,0.00183107,14.8668
0.00183322,0.536792,,0.00183322,14.8658
0.00183752,0.544758,,0.00183752,14.8638
0.00184611,0.56123,,0.00184611,14.8597
0.00185,0.569612,,0.00185,14.8576
0.00185172,0.571747,,0.00185172,14.8571
0.00185515,0.575815,,0.00185515,14.856
0.00186203,0.584081,,0.00186203,14.854
0.00187,0.594037,,0.00187,14.8515
0.00187137,0.594624,,0.00187137,14.8513
0.00187412,0.59546,,0.00187412,14.8511
0.00187962,0.597137,,0.00187962,14.8507
0.00189062,0.600512,,0.00189062,14.8499
0.0019,0.603441,,0.0019,14.8491
0.001902,0.603781,,0.001902,14.8491
0.001906,0.604434,,0.001906,14.8489
0.001914,0.605743,,0.001914,14.8486
0.00192,0.606731,,0.00192,14.8483
0.0019216,0.605483,,0.0019216,14.8486
0.0019248,0.602995,,0.0019248,14.8493
0.0019312,0.598066,,0.0019312,14.8505
0.00194,0.591425,,0.00194,14.8521
0.00194128,0.593158,,0.00194128,14.8517
0.00194384,0.5965,,0.00194384,14.8509
0.00194896,0.603269,,0.00194896,14.8492
0.00195408,0.610252,,0.00195408,14.8474
0.00196,0.618503,,0.00196,14.8454
0.00196102,0.618011,,0.00196102,14.8455
0.00196307,0.616804,,0.00196307,14.8458
0.00196717,0.614402,,0.00196717,14.8464
0.00197536,0.60964,,0.00197536,14.8476
0.00198,0.607016,,0.00198,14.8482
0.00198164,0.610979,,0.00198164,14.8473
0.00198492,0.619011,,0.00198492,14.8452
0.00199147,0.635557,,0.00199147,14.8411
0.002,0.659427,,0.002,14.8351
0.00200131,0.661724,,0.00200131,14.8346
0.00200393,0.666357,,0.00200393,14.8334
0.00200918,0.675772,,0.00200918,14.8311
0.00201442,0.685557,,0.00201442,14.8286
0.00202,0.696274,,0.00202,14.8259
0.00202105,0.696398,,0.00202105,14.8259
0.00202315,0.696311,,0.00202315,14.8259
0.00202734,0.696136,,0.00202734,14.826
0.00203573,0.695786,,0.00203573,14.8261
0.00204,0.695609,,0.00204,14.8261
0.00204168,0.694569,,0.00204168,14.8264
0.00204503,0.692498,,0.00204503,14.8269
0.00205174,0.688383,,0.00205174,14.8279
0.00206,0.683397,,0.00206,14.8292
0.00206134,0.677649,,0.00206134,14.8306
0.00206403,0.666324,,0.00206403,14.8334
0.0020694,0.645209,,0.0020694,14.8387
0.00208,0.606896,,0.00208,14.8483
0.00208107,0.605607,,0.00208107,14.8486
0.00208322,0.603041,,0.00208322,14.8492
0.00208752,0.597959,,0.00208752,14.8505
0.00209611,0.587986,,0.00209611,14.853
0.0021,0.58376,,0.0021,14.8541
0.00210172,0.581979,,0.00210172,14.8545
0.00210515,0.578383,,0.00210515,14.8554
0.00211203,0.571291,,0.00211203,14.8572
0.00212577,0.557493,,0.00212577,14.8606
0.00213,0.553749,,0.00213,14.8616
0.002132,0.550337,,0.002132,14.8624
0.002136,0.543563,,0.002136,14.8641
0.002144,0.530387,,0.002144,14.8674
0.00215,0.521229,,0.00215,14.8697
0.0021516,0.523388,,0.0021516,14.8692
0.0021548,0.527425,,0.0021548,14.8681
0.0021612,0.53564,,0.0021612,14.8661
0.00217,0.547376,,0.00217,14.8632
0.00217128,0.547362,,0.00217128,14.8632
0.00217384,0.546814,,0.00217384,14.8633
0.00217896,0.545721,,0.00217896,14.8636
0.00218408,0.544634,,0.00218408,14.8638
0.00219,0.543382,,0.00219,14.8642
0.00219102,0.542789,,0.00219102,14.8643
0.00219307,0.541603,,0.00219307,14.8646
0.00219717,0.53924,,0.00219717,14.8652
0.00220536,0.534562,,0.00220536,14.8664
0.00221,0.531992,,0.00221,14.867
0.00221164,0.532758,,0.00221164,14.8668
0.00221492,0.53427,,0.00221492,14.8664
0.00222147,0.537313,,0.00222147,14.8657
0.00223,0.541331,,0.00223,14.8647
0.00223131,0.540317,,0.00223131,14.8649
0.00223393,0.538239,,0.00223393,14.8654
0.00223918,0.534118,,0.00223918,14.8665
0.00224442,0.530084,,0.00224442,14.8675
0.00225,0.52585,,0.00225,14.8685
0.00225105,0.527792,,0.00225105,14.8681
0.00225315,0.531644,,0.00225315,14.8671
0.00225734,0.539474,,0.00225734,14.8651
0.00226573,0.55566,,0.00226573,14.8611
0.00227,0.564843,,0.00227,14.8588
0.00227168,0.567796,,0.00227168,14.8581
0.00227503,0.573482,,0.00227503,14.8566
0.00228174,0.585111,,0.00228174,14.8537
0.00229,0.600174,,0.00229,14.85
0.00229134,0.601729,,0.00229134,14.8496
0.00229403,0.60407,,0.00229403,14.849
0.0022994,0.608792,,0.0022994,14.8478
0.00231,0.618284,,0.00231,14.8454
0.00231107,0.617957,,0.00231107,14.8455
0.00231322,0.617004,,0.00231322,14.8457
0.00231752,0.615106,,0.00231752,14.8462
0.00232611,0.611335,,0.00232611,14.8472
0.00233,0.609667,,0.00233,14.8476
0.00233172,0.609374,,0.00233172,14.8477
0.00233515,0.608781,,0.00233515,14.8478
0.00234203,0.607596,,0.00234203,14.8481
0.00235,0.606228,,0.00235,14.8484
0.00235137,0.605694,,0.00235137,14.8486
0.00235412,0.604623,,0.00235412,14.8488
0.00235962,0.602489,,0.00235962,14.8494
0.00237,0.598493,,0.00237,14.8504
0.0023711,0.597514,,0.0023711,14.8506
0.0023733,0.595513,,0.0023733,14.8511
0.0023777,0.591541,,0.0023777,14.8521
0.00238649,0.583714,,0.00238649,14.8541
0.0024,0.572073,,0.0024,14.857
0.00240176,0.57199,,0.00240176,14.857
0.00240528,0.571366,,0.00240528,14.8572
0.00241231,0.57012,,0.00241231,14.8575
0.00242,0.568768,,0.00242,14.8578
0.00242141,0.569796,,0.00242141,14.8576
0.00242422,0.571855,,0.00242422,14.857
0.00242985,0.576007,,0.00242985,14.856
0.00244,0.583619,,0.00244,14.8541
0.00244113,0.585232,,0.00244113,14.8537
0.00244338,0.588275,,0.00244338,14.8529
0.00244788,0.594434,,0.00244788,14.8514
0.00245689,0.607043,,0.00245689,14.8482
0.00246,0.611836,,0.00246,14.847
0.0024618,0.610471,,0.0024618,14.8474
0.0024654,0.607686,,0.0024654,14.8481
0.00247261,0.602174,,0.00247261,14.8495
0.00248,0.596658,,0.00248,14.8508
0.00248144,0.597349,,0.00248144,14.8507
0.00248432,0.598634,,0.00248432,14.8503
0.00249009,0.601214,,0.00249009,14.8497
0.0025,0.605697,,0.0025,14.8486
0.00250115,0.60555,,0.00250115,14.8486
0.00250346,0.605191,,0.00250346,14.8487
0.00250807,0.604473,,0.00250807,14.8489
0.00251729,0.60304,,0.00251729,14.8492
0.00252,0.602625,,0.00252,14.8493
0.00252184,0.605404,,0.00252184,14.8486
0.00252553,0.611027,,0.00252553,14.8472
0.00253291,0.622509,,0.00253291,14.8444
0.00254,0.634125,,0.00254,14.8415
0.00254148,0.635803,,0.00254148,14.841
0.00254443,0.638742,,0.00254443,14.8403
0.00255033,0.644681,,0.00255033,14.8388
0.00256,0.654626,,0.00256,14.8363
0.00256118,0.653523,,0.00256118,14.8366
0.00256354,0.651021,,0.00256354,14.8372
0.00256826,0.646058,,0.00256826,14.8385
0.00257771,0.636303,,0.00257771,14.8409
0.00258,0.634144,,0.00258,14.8415
0.00258189,0.63529,,0.00258189,14.8412
0.00258567,0.637576,,0.00258567,14.8406
0.00259322,0.642187,,0.00259322,14.8395
0.0026,0.646409,,0.0026,14.8384
0.00260151,0.645901,,0.00260151,14.8385
0.00260453,0.644833,,0.00260453,14.8388
0.00261058,0.642704,,0.00261058,14.8393
0.00262267,0.638477,,0.00262267,14.8404
0.00263,0.63597,,0.00263,14.841
0.002632,0.636712,,0.002632,14.8408
0.002636,0.638179,,0.002636,14.8405
0.002644,0.641128,,0.002644,14.8397
0.00265,0.643371,,0.00265,14.8392
0.0026516,0.643566,,0.0026516,14.8391
0.0026548,0.643939,,0.0026548,14.839
0.0026612,0.644687,,0.0026612,14.8388
0.00267,0.645717,,0.00267,14.8386
0.00267128,0.646938,,0.00267128,14.8383
0.00267384,0.649387,,0.00267384,14.8377
0.00267896,0.654328,,0.00267896,14.8364
0.00268408,0.659373,,0.00268408,14.8352
0.00269,0.665291,,0.00269,14.8337
0.00269102,0.66567,,0.00269102,14.8336
0.00269307,0.666323,,0.00269307,14.8334
0.00269717,0.66763,,0.00269717,14.8331
0.00270536,0.670258,,0.00270536,14.8324
0.00271,0.671767,,0.00271,14.8321
0.00271164,0.668479,,0.00271164,14.8329
0.00271492,0.661978,,0.00271492,14.8345
0.00272147,0.649257,,0.00272147,14.8377
0.00273,0.633486,,0.00273,14.8416
0.00273131,0.633105,,0.00273131,14.8417
0.00273393,0.631589,,0.00273393,14.8421
0.00273918,0.628574,,0.00273918,14.8429
0.00274442,0.625597,,0.00274442,14.8436
0.00275,0.622458,,0.00275,14.8444
0.00275105,0.622338,,0.00275105,14.8444
0.00275315,0.622067,,0.00275315,14.8445
0.00275734,0.621526,,0.00275734,14.8446
0.00276573,0.620446,,0.00276573,14.8449
0.00277,0.619899,,0.00277,14.845
0.00277168,0.618928,,0.00277168,14.8453
0.00277503,0.616992,,0.00277503,14.8458
0.00278174,0.613147,,0.00278174,14.8467
0.00279,0.608492,,0.00279,14.8479
0.00279134,0.609692,,0.00279134,14.8476
0.00279403,0.612033,,0.00279403,14.847
0.0027994,0.616754,,0.0027994,14.8458
0.00281,0.626244,,0.00281,14.8434
0.00281107,0.625391,,0.00281107,14.8437
0.00281322,0.623399,,0.00281322,14.8442
0.00281752,0.619442,,0.00281752,14.8451
0.00282611,0.61164,,0.00282611,14.8471
0.00283,0.608278,,0.00283,14.8479
0.00283172,0.605951,,0.00283172,14.8485
0.00283515,0.601304,,0.00283515,14.8497
0.00284203,0.592169,,0.00284203,14.852
0.00285,0.581984,,0.00285,14.8545
0.00285137,0.583815,,0.00285137,14.854
0.00285412,0.587151,,0.00285412,14.8532
0.00285962,0.593909,,0.00285962,14.8515
0.00287,0.607007,,0.00287,14.8482
0.0028711,0.60729,,0.0028711,14.8482
0.0028733,0.607267,,0.0028733,14.8482
0.0028777,0.607222,,0.0028777,14.8482
0.00288649,0.607132,,0.00288649,14.8482
0.0029,0.606995,,0.0029,14.8483
0.00290176,0.604157,,0.00290176,14.849
0.00290528,0.598547,,0.00290528,14.8504
0.00291231,0.58756,,0.00291231,14.8531
0.00292,0.576139,,0.00292,14.856
0.00292141,0.576743,,0.00292141,14.8558
0.00292422,0.577509,,0.00292422,14.8556
0.00292985,0.579046,,0.00292985,14.8552
0.00294,0.581834,,0.00294,14.8545
0.00294113,0.5833,,0.00294113,14.8542
0.00294338,0.586222,,0.00294338,14.8534
0.00294788,0.592132,,0.00294788,14.852
0.00295689,0.604223,,0.00295689,14.8489
0.00296,0.608802,,0.00296,14.8478
0.0029618,0.60403,,0.0029618,14.849
0.0029654,0.594608,,0.0029654,14.8513
0.00297261,0.576416,,0.00297261,14.8559
0.00298,0.559276,,0.00298,14.8602
0.00298144,0.558925,,0.00298144,14.8603
0.00298432,0.557206,,0.00298432,14.8607
0.00299009,0.553795,,0.00299009,14.8616
0.003,0.548012,,0.003,14.863
0.00300115,0.547684,,0.00300115,14.8631
0.00300346,0.546908,,0.00300346,14.8633
0.00300807,0.545361,,0.00300807,14.8637
0.00301729,0.542288,,0.00301729,14.8644
0.00302,0.541412,,0.00302,14.8646
0.00302184,0.541812,,0.00302184,14.8645
0.00302553,0.54261,,0.00302553,14.8643
0.00303291,0.544212,,0.00303291,14.8639
0.00304,0.545762,,0.00304,14.8636
0.00304148,0.548509,,0.00304148,14.8629
0.00304443,0.554063,,0.00304443,14.8615
0.00305033,0.565425,,0.00305033,14.8586
0.00306,0.585646,,0.00306,14.8536
0.00306118,0.584383,,0.00306118,14.8539
0.00306354,0.581873,,0.00306354,14.8545
0.00306826,0.5769,,0.00306826,14.8558
0.00307771,0.567144,,0.00307771,14.8582
0.00308,0.565009,,0.00308,14.8587
0.00308189,0.56411,,0.00308189,14.859
0.00308567,0.562301,,0.00308567,14.8594
0.00309322,0.558709,,0.00309322,14.8603
0.0031,0.555546,,0.0031,14.8611
0.00310151,0.554678,,0.00310151,14.8613
0.00310453,0.552912,,0.00310453,14.8618
0.00311058,0.549406,,0.00311058,14.8626
0.00312267,0.542495,,0.00312267,14.8644
0.00313,0.53848,,0.00313,14.8654
0.003132,0.539882,,0.003132,14.865
0.003136,0.542643,,0.003136,14.8643
0.003144,0.54823,,0.003144,14.8629
0.00315,0.552554,,0.00315,14.8619
0.0031516,0.552701,,0.0031516,14.8618
0.0031548,0.552927,,0.0031548,14.8618
0.0031612,0.553379,,0.0031612,14.8617
0.00317,0.554003,,0.00317,14.8615
0.00317128,0.552412,,0.00317128,14.8619
0.00317384,0.549251,,0.00317384,14.8627
0.00317896,0.543009,,0.00317896,14.8642
0.00318408,0.536962,,0.00318408,14.8658
0.00319,0.530111,,0.00319,14.8675
0.00319102,0.530435,,0.00319102,14.8674
0.00319307,0.53091,,0.00319307,14.8673
0.00319717,0.53186,,0.00319717,14.867
0.00320536,0.533767,,0.00320536,14.8666
0.00321,0.534862,,0.00321,14.8663
0.00321164,0.53264,,0.00321164,14.8668
0.00321492,0.528239,,0.00321492,14.8679
0.00322147,0.519598,,0.00322147,14.8701
0.00323,0.508808,,0.00323,14.8728
0.00323131,0.509377,,0.00323131,14.8727
0.00323393,0.510072,,0.00323393,14.8725
0.00323918,0.511465,,0.00323918,14.8721
0.00324442,0.51287,,0.00324442,14.8718
0.00325,0.514373,,0.00325,14.8714
0.00325105,0.515092,,0.00325105,14.8712
0.00325315,0.516525,,0.00325315,14.8709
0.00325734,0.51941,,0.00325734,14.8701
0.00326573,0.525253,,0.00326573,14.8687
0.00327,0.528354,,0.00327,14.8679
0.00327168,0.52723,,0.00327168,14.8682
0.00327503,0.524958,,0.00327503,14.8688
0.00328174,0.520459,,0.00328174,14.8699
0.00329,0.515044,,0.00329,14.8712
0.00329134,0.51449,,0.00329134,14.8714
0.00329403,0.513272,,0.00329403,14.8717
0.0032994,0.510849,,0.0032994,14.8723
0.00331,0.506115,,0.00331,14.8735
0.00331107,0.506922,,0.00331107,14.8733
0.00331322,0.508456,,0.00331322,14.8729
0.00331752,0.511545,,0.00331752,14.8721
0.00332611,0.517807,,0.00332611,14.8705
0.00333,0.520785,,0.00333,14.8698
0.00333172,0.522298,,0.00333172,14.8694
0.00333515,0.525313,,0.00333515,14.8687
0.00334203,0.531422,,0.00334203,14.8671
0.00335,0.538727,,0.00335,14.8653
0.00335137,0.538689,,0.00335137,14.8653
0.00335412,0.538411,,0.00335412,14.8654
0.00335962,0.537856,,0.00335962,14.8655
0.00337,0.536811,,0.00337,14.8658
0.0033711,0.536751,,0.0033711,14.8658
0.0033733,0.536626,,0.0033733,14.8658
0.0033777,0.536377,,0.0033777,14.8659
0.00338649,0.53588,,0.00338649,14.866
0.0034,0.535118,,0.0034,14.8662
0.00340176,0.532221,,0.00340176,14.8669
0.00340528,0.526504,,0.00340528,14.8684
0.00341231,0.515343,,0.00341231,14.8712
0.00342,0.503829,,0.00342,14.874
0.00342141,0.505075,,0.00342141,14.8737
0.00342422,0.507064,,0.00342422,14.8732
0.00342985,0.511078,,0.00342985,14.8722
0.00344,0.518445,,0.00344,14.8704
0.00344113,0.519316,,0.00344113,14.8702
0.00344338,0.520851,,0.00344338,14.8698
0.00344788,0.523939,,0.00344788,14.869
0.00345689,0.530198,,0.00345689,14.8675
0.00346,0.532482,,0.00346,14.8669
0.0034618,0.530325,,0.0034618,14.8674
0.0034654,0.526035,,0.0034654,14.8685
0.00347261,0.517611,,0.00347261,14.8706
0.00348,0.509344,,0.00348,14.8727
0.00348144,0.508288,,0.00348144,14.8729
0.00348432,0.505925,,0.00348432,14.8735
0.00349009,0.50125,,0.00349009,14.8747
0.0035,0.493382,,0.0035,14.8767
0.00350115,0.493329,,0.00350115,14.8767
0.00350346,0.492979,,0.00350346,14.8768
0.00350807,0.49228,,0.00350807,14.8769
0.00351729,0.490886,,0.00351729,14.8773
0.00352,0.490483,,0.00352,14.8774
0.00352184,0.491935,,0.00352184,14.877
0.00352553,0.49486,,0.00352553,14.8763
0.00353291,0.500788,,0.00353291,14.8748
0.00354,0.506675,,0.00354,14.8733
0.00354148,0.507616,,0.00354148,14.8731
0.00354443,0.509368,,0.00354443,14.8727
0.00355033,0.512899,,0.00355033,14.8718
0.00356,0.51878,,0.00356,14.8703
0.00356118,0.520795,,0.00356118,14.8698
0.00356354,0.524728,,0.00356354,14.8688
0.00356826,0.532727,,0.00356826,14.8668
0.00357771,0.549281,,0.00357771,14.8627
0.00358,0.554048,,0.00358,14.8615
0.00358189,0.556679,,0.00358189,14.8608
0.00358567,0.561929,,0.00358567,14.8595
0.00359322,0.572652,,0.00359322,14.8568
0.0036,0.582804,,0.0036,14.8543
0.00360151,0.581238,,0.00360151,14.8547
0.00360453,0.57777,,0.00360453,14.8556
0.00361058,0.570928,,0.00361058,14.8573
0.00362267,0.557604,,0.00362267,14.8606
0.00363,0.550151,,0.00363,14.8625
0.003632,0.548095,,0.003632,14.863
0.003636,0.54382,,0.003636,14.864
0.003644,0.535419,,0.003644,14.8661
0.00365,0.529415,,0.00365,14.8676
0.0036516,0.527947,,0.0036516,14.868
0.0036548,0.524898,,0.0036548,14.8688
0.0036612,0.518878,,0.0036612,14.8703
0.00367,0.510834,,0.00367,14.8723
0.00367128,0.510364,,0.00367128,14.8724
0.00367384,0.509179,,0.00367384,14.8727
0.00367896,0.506823,,0.00367896,14.8733
0.00368408,0.504497,,0.00368408,14.8739
0.00369,0.50183,,0.00369,14.8745
0.00369102,0.501906,,0.00369102,14.8745
0.00369307,0.502032,,0.00369307,14.8745
0.00369717,0.502283,,0.00369717,14.8744
0.00370536,0.502785,,0.00370536,14.8743
0.00371,0.503071,,0.00371,14.8742
0.00371164,0.503008,,0.00371164,14.8742
0.00371492,0.502881,,0.00371492,14.8743
0.00372147,0.502628,,0.00372147,14.8743
0.00373,0.502299,,0.00373,14.8744
0.00373131,0.503207,,0.00373131,14.8742
0.00373393,0.505031,,0.00373393,14.8737
0.00373918,0.508708,,0.00373918,14.8728
0.00374442,0.51246,,0.00374442,14.8719
0.00375,0.516511,,0.00375,14.8709
0.00375105,0.51643,,0.00375105,14.8709
0.00375315,0.516202,,0.00375315,14.8709
0.00375734,0.515746,,0.00375734,14.8711
0.00376573,0.514837,,0.00376573,14.8713
0.00377,0.514377,,0.00377,14.8714
0.00377168,0.515555,,0.00377168,14.8711
0.00377503,0.517922,,0.00377503,14.8705
0.00378174,0.522706,,0.00378174,14.8693
0.00379,0.528733,,0.00379,14.8678
0.00379134,0.527648,,0.00379134,14.8681
0.00379403,0.52535,,0.00379403,14.8687
0.0037994,0.520801,,0.0037994,14.8698
0.00381,0.511989,,0.00381,14.872
0.00381107,0.511797,,0.00381107,14.8721
0.00381322,0.511118,,0.00381322,14.8722
0.00381752,0.509766,,0.00381752,14.8726
0.00382611,0.507076,,0.00382611,14.8732
0.00383,0.505882,,0.00383,14.8735
0.00383172,0.506923,,0.00383172,14.8733
0.00383515,0.50901,,0.00383515,14.8727
0.00384203,0.513222,,0.00384203,14.8717
0.00385,0.518217,,0.00385,14.8704
0.00385137,0.51511,,0.00385137,14.8712
0.00385412,0.508893,,0.00385412,14.8728
0.00385962,0.496794,,0.00385962,14.8758
0.00387,0.476079,,0.00387,14.881
0.0038711,0.475367,,0.0038711,14.8812
0.0038733,0.473949,,0.0038733,14.8815
0.0038777,0.471132,,0.0038777,14.8822
0.00388649,0.465573,,0.00388649,14.8836
0.0039,0.457276,,0.0039,14.8857
0.00390176,0.45808,,0.00390176,14.8855
0.00390528,0.4594,,0.00390528,14.8852
0.00391231,0.462056,,0.00391231,14.8845
0.00392,0.465002,,0.00392,14.8837
0.00392141,0.465368,,0.00392141,14.8837
0.00392422,0.466063,,0.00392422,14.8835
0.00392985,0.467458,,0.00392985,14.8831
0.00394,0.469989,,0.00394,14.8825
0.00394113,0.471051,,0.00394113,14.8822
0.00394338,0.473158,,0.00394338,14.8817
0.00394788,0.477414,,0.00394788,14.8806
0.00395689,0.486101,,0.00395689,14.8785
0.00396,0.489359,,0.00396,14.8777
0.0039618,0.489554,,0.0039618,14.8776
0.0039654,0.489901,,0.0039654,14.8775
0.00397261,0.490595,,0.00397261,14.8774
0.00398,0.491311,,0.00398,14.8772
0.00398144,0.491642,,0.00398144,14.8771
0.00398432,0.492304,,0.00398432,14.8769
0.00399009,0.493633,,0.00399009,14.8766
0.004,0.495931,,0.004,14.876
0.00400115,0.497138,,0.00400115,14.8757
0.00400346,0.499546,,0.00400346,14.8751
0.00400807,0.504414,,0.00400807,14.8739
0.00401729,0.514365,,0.00401729,14.8714
0.00402,0.517587,,0.00402,14.8706
0.00402184,0.519629,,0.00402184,14.8701
0.00402553,0.523715,,0.00402553,14.8691
0.00403291,0.532032,,0.00403291,14.867
0.00404,0.540381,,0.00404,14.8649
0.00404148,0.540094,,0.00404148,14.865
0.00404443,0.539261,,0.00404443,14.8652
0.00405033,0.537601,,0.00405033,14.8656
0.00406,0.534901,,0.00406,14.8663
0.00406118,0.53465,,0.00406118,14.8663
0.00406354,0.534123,,0.00406354,14.8665
0.00406826,0.533069,,0.00406826,14.8667
0.00407771,0.530971,,0.00407771,14.8673
0.00408,0.530473,,0.00408,14.8674
0.00408189,0.530448,,0.00408189,14.8674
0.00408567,0.530396,,0.00408567,14.8674
0.00409322,0.530292,,0.00409322,14.8674
0.0041,0.530198,,0.0041,14.8675
0.00410151,0.529388,,0.00410151,14.8677
0.00410453,0.527772,,0.00410453,14.8681
0.00411058,0.524563,,0.00411058,14.8689
0.00412267,0.518231,,0.00412267,14.8704
0.00413,0.514547,,0.00413,14.8714
0.004132,0.515934,,0.004132,14.871
0.004136,0.518672,,0.004136,14.8703
0.004144,0.524215,,0.004144,14.8689
0.00415,0.52851,,0.00415,14.8679
0.0041516,0.530614,,0.0041516,14.8673
0.0041548,0.534791,,0.0041548,14.8663
0.0041612,0.543294,,0.0041612,14.8642
0.00417,0.555453,,0.00417,14.8611
0.00417128,0.55481,,0.00417128,14.8613
0.00417384,0.552978,,0.00417384,14.8618
0.00417896,0.549343,,0.00417896,14.8627
0.00418408,0.545774,,0.00418408,14.8636
0.00419,0.541696,,0.00419,14.8646
0.00419102,0.540594,,0.00419102,14.8649
0.00419307,0.538342,,0.00419307,14.8654
0.00419717,0.533879,,0.00419717,14.8665
0.00420536,0.525118,,0.00420536,14.8687
0.00421,0.520438,,0.00421,14.8699
0.00421164,0.521262,,0.00421164,14.8697
0.00421492,0.522831,,0.00421492,14.8693
0.00422147,0.52599,,0.00422147,14.8685
0.00423,0.530165,,0.00423,14.8675
0.00423131,0.530223,,0.00423131,14.8674
0.00423393,0.530272,,0.00423393,14.8674
0.00423918,0.530371,,0.00423918,14.8674
0.00424442,0.530469,,0.00424442,14.8674
0.00425,0.530574,,0.00425,14.8674
0.00425105,0.531933,,0.00425105,14.867
0.00425315,0.534669,,0.00425315,14.8663
0.00425734,0.540205,,0.00425734,14.8649
0.00426573,0.551537,,0.00426573,14.8621
0.00427,0.557764,,0.00427,14.8606
0.00427168,0.557965,,0.00427168,14.8605
0.00427503,0.55823,,0.00427503,14.8604
0.00428174,0.55876,,0.00428174,14.8603
0.00429,0.559414,,0.00429,14.8601
0.00429134,0.560253,,0.00429134,14.8599
0.00429403,0.561935,,0.00429403,14.8595
0.0042994,0.565322,,0.0042994,14.8587
0.00431,0.572104,,0.00431,14.857
0.00431107,0.573275,,0.00431107,14.8567
0.00431322,0.575463,,0.00431322,14.8561
0.00431752,0.579878,,0.00431752,14.855
0.00432611,0.58886,,0.00432611,14.8528
0.00433,0.593184,,0.00433,14.8517
0.00433172,0.591418,,0.00433172,14.8521
0.00433515,0.587852,,0.00433515,14.853
0.00434203,0.580816,,0.00434203,14.8548
0.00435,0.572905,,0.00435,14.8568
0.00435137,0.572741,,0.00435137,14.8568
0.00435412,0.572201,,0.00435412,14.8569
0.00435962,0.571122,,0.00435962,14.8572
0.00437062,0.568973,,0.00437062,14.8578
0.00438,0.567159,,0.00438,14.8582
0.004382,0.56401,,0.004382,14.859
0.004386,0.557789,,0.004386,14.8606
0.004394,0.545652,,0.004394,14.8636
0.0044,0.537149,,0.0044,14.8657
0.0044016,0.536874,,0.0044016,14.8658
0.0044048,0.536057,,0.0044048,14.866
0.0044112,0.534428,,0.0044112,14.8664
0.00442,0.532205,,0.00442,14.8669
0.00442128,0.532331,,0.00442128,14.8669
0.00442384,0.532563,,0.00442384,14.8669
0.00442896,0.533028,,0.00442896,14.8667
0.00443408,0.533494,,0.00443408,14.8666
0.00444,0.534034,,0.00444,14.8665
0.00444102,0.533349,,0.00444102,14.8667
0.00444307,0.531982,,0.00444307,14.867
0.00444717,0.529264,,0.00444717,14.8677
0.00445536,0.52389,,0.00445536,14.869
0.00446,0.520954,,0.00446,14.8698
0.00446164,0.521001,,0.00446164,14.8697
0.00446492,0.521062,,0.00446492,14.8697
0.00447147,0.521183,,0.00447147,14.8697
0.00448,0.521341,,0.00448,14.8697
0.00448131,0.521944,,0.00448131,14.8695
0.00448393,0.523154,,0.00448393,14.8692
0.00448918,0.525585,,0.00448918,14.8686
0.00449442,0.528048,,0.00449442,14.868
0.0045,0.530694,,0.0045,14.8673
0.00450105,0.530333,,0.00450105,14.8674
0.00450315,0.529586,,0.00450315,14.8676
0.00450734,0.528096,,0.00450734,14.868
0.00451573,0.525136,,0.00451573,14.8687
0.00452,0.52366,,0.00452,14.8691
0.00452168,0.520913,,0.00452168,14.8698
0.00452503,0.515483,,0.00452503,14.8711
0.00453174,0.504876,,0.00453174,14.8738
0.00454,0.492504,,0.00454,14.8769
0.00454134,0.492899,,0.00454134,14.8768
0.00454403,0.493087,,0.00454403,14.8767
0.0045494,0.493465,,0.0045494,14.8766
0.00456,0.494211,,0.00456,14.8764
0.00456107,0.494298,,0.00456107,14.8764
0.00456322,0.494469,,0.00456322,14.8764
0.00456752,0.494811,,0.00456752,14.8763
0.00457611,0.495497,,0.00457611,14.8761
0.00458,0.49581,,0.00458,14.876
0.00458172,0.496617,,0.00458172,14.8758
0.00458515,0.498236,,0.00458515,14.8754
0.00459203,0.501498,,0.00459203,14.8746
0.0046,0.505348,,0.0046,14.8737
0.00460137,0.505193,,0.00460137,14.8737
0.00460412,0.504825,,0.00460412,14.8738
0.00460962,0.50409,,0.00460962,14.874
0.00462,0.502707,,0.00462,14.8743
0.0046211,0.502454,,0.0046211,14.8744
0.0046233,0.50194,,0.0046233,14.8745
0.0046277,0.500915,,0.0046277,14.8748
0.00463649,0.498873,,0.00463649,14.8753
0.00465,0.495769,,0.00465,14.8761
0.00465176,0.497148,,0.00465176,14.8757
0.00465528,0.499885,,0.00465528,14.875
0.00466231,0.505429,,0.00466231,14.8736
0.00467,0.511663,,0.00467,14.8721
0.00467141,0.511327,,0.00467141,14.8722
0.00467422,0.510501,,0.00467422,14.8724
0.00467985,0.508857,,0.00467985,14.8728
0.00469,0.505914,,0.00469,14.8735
0.00469113,0.505779,,0.00469113,14.8736
0.00469338,0.505477,,0.00469338,14.8736
0.00469788,0.504874,,0.00469788,14.8738
0.00470689,0.50367,,0.00470689,14.8741
0.00471,0.503258,,0.00471,14.8742
0.0047118,0.500621,,0.0047118,14.8748
0.0047154,0.495416,,0.0047154,14.8761
0.00472261,0.485245,,0.00472261,14.8787
0.00473,0.475388,,0.00473,14.8812
0.00473144,0.475247,,0.00473144,14.8812
0.00473432,0.474564,,0.00473432,14.8814
0.00474009,0.473202,,0.00474009,14.8817
0.00475,0.470877,,0.00475,14.8823
0.00475115,0.47153,,0.00475115,14.8821
0.00475346,0.472818,,0.00475346,14.8818
0.00475807,0.475408,,0.00475807,14.8811
0.00476729,0.480653,,0.00476729,14.8798
0.00477,0.482281,,0.00477,14.8794
0.00477184,0.481003,,0.00477184,14.8797
0.00477553,0.478455,,0.00477553,14.8804
0.00478291,0.473419,,0.00478291,14.8816
0.00479,0.468722,,0.00479,14.8828
0.00479148,0.467565,,0.00479148,14.8831
0.00479443,0.465172,,0.00479443,14.8837
0.00480033,0.460442,,0.00480033,14.8849
0.00481,0.452877,,0.00481,14.8868
0.00481118,0.452333,,0.00481118,14.8869
0.00481354,0.451003,,0.00481354,14.8872
0.00481826,0.44836,,0.00481826,14.8879
0.00482771,0.443144,,0.00482771,14.8892
0.00483,0.441964,,0.00483,14.8895
0.00483189,0.44126,,0.00483189,14.8897
0.00483567,0.43985,,0.00483567,14.89
0.00484322,0.437051,,0.00484322,14.8907
0.00485,0.434586,,0.00485,14.8914
0.00485151,0.433869,,0.00485151,14.8915
0.00485453,0.432414,,0.00485453,14.8919
0.00486058,0.429526,,0.00486058,14.8926
0.00487,0.425096,,0.00487,14.8937
0.00487121,0.424743,,0.00487121,14.8938
0.00487363,0.423949,,0.00487363,14.894
0.00487846,0.422368,,0.00487846,14.8944
0.00488813,0.419232,,0.00488813,14.8952
0.0049,0.415457,,0.0049,14.8961
0.00490193,0.417001,,0.00490193,14.8957
0.0049058,0.420048,,0.0049058,14.895
0.00491354,0.426244,,0.00491354,14.8934
0.00492,0.431645,,0.00492,14.8921
0.00492155,0.433165,,0.00492155,14.8917
0.00492464,0.436094,,0.00492464,14.891
0.00493083,0.442041,,0.00493083,14.8895
0.00494,0.451144,,0.00494,14.8872
0.00494124,0.45042,,0.00494124,14.8874
0.00494371,0.448602,,0.00494371,14.8878
0.00494867,0.444998,,0.00494867,14.8888
0.00495857,0.437919,,0.00495857,14.8905
0.00496,0.437036,,0.00496,14.8907
0.00496198,0.437517,,0.00496198,14.8906
0.00496594,0.438479,,0.00496594,14.8904
0.00497386,0.440411,,0.00497386,14.8899
0.00498,0.441928,,0.00498,14.8895
0.00498158,0.443408,,0.00498158,14.8891
0.00498475,0.446384,,0.00498475,14.8884
0.00499109,0.452426,,0.00499109,14.8869
0.005,0.461205,,0.005,14.8847
0.00500127,0.460789,,0.00500127,14.8848
0.0050038,0.459615,,0.0050038,14.8851
0.00500887,0.457283,,0.00500887,14.8857
0.00501394,0.454983,,0.00501394,14.8863
0.00502,0.452261,,0.00502,14.8869
0.00502101,0.451151,,0.00502101,14.8872
0.00502304,0.448913,,0.00502304,14.8878
0.0050271,0.444486,,0.0050271,14.8889
0.00503521,0.435826,,0.00503521,14.891
0.00504,0.431053,,0.00504,14.8922
0.00504162,0.429688,,0.00504162,14.8926
0.00504487,0.426875,,0.00504487,14.8933
0.00505136,0.421331,,0.00505136,14.8947
0.00506,0.414187,,0.00506,14.8965
0.0050613,0.413937,,0.0050613,14.8965
0.00506389,0.413199,,0.00506389,14.8967
0.00506909,0.411729,,0.00506909,14.8971
0.00507428,0.410273,,0.00507428,14.8974
0.00508,0.408679,,0.00508,14.8978
0.00508104,0.409639,,0.00508104,14.8976
0.00508312,0.411556,,0.00508312,14.8971
0.00508727,0.415432,,0.00508727,14.8961
0.00509558,0.423349,,0.00509558,14.8942
0.0051,0.427861,,0.0051,14.893
0.00510166,0.427472,,0.00510166,14.8931
0.00510498,0.426602,,0.00510498,14.8933
0.00511163,0.424871,,0.00511163,14.8938
0.00512492,0.42144,,0.00512492,14.8946
0.00513,0.420176,,0.00513,14.895
0.005132,0.419426,,0.005132,14.8951
0.005136,0.417925,,0.005136,14.8955
0.005144,0.414948,,0.005144,14.8963
0.00515,0.412764,,0.00515,14.8968
0.0051516,0.413527,,0.0051516,14.8966
0.0051548,0.415035,,0.0051548,14.8962
0.0051612,0.418076,,0.0051612,14.8955
0.00517,0.422335,,0.00517,14.8944
0.00517128,0.422069,,0.00517128,14.8945
0.00517384,0.42145,,0.00517384,14.8946
0.00517896,0.420218,,0.00517896,14.8949
0.00518408,0.418996,,0.00518408,14.8953
0.00519,0.41759,,0.00519,14.8956
0.00519102,0.41746,,0.00519102,14.8956
0.00519307,0.417192,,0.00519307,14.8957
0.00519717,0.416657,,0.00519717,14.8958
0.00520536,0.415588,,0.00520536,14.8961
0.00521,0.414989,,0.00521,14.8963
0.00521164,0.415659,,0.00521164,14.8961
0.00521492,0.417001,,0.00521492,14.8957
0.00522147,0.419707,,0.00522147,14.8951
0.00523,0.423286,,0.00523,14.8942
0.00523131,0.424158,,0.00523131,14.894
0.00523393,0.425849,,0.00523393,14.8935
0.00523918,0.429262,,0.00523918,14.8927
0.00524442,0.432751,,0.00524442,14.8918
0.00525,0.436524,,0.00525,14.8909
0.00525105,0.436321,,0.00525105,14.8909
0.00525315,0.43585,,0.00525315,14.891
0.00525734,0.434911,,0.00525734,14.8913
0.00526573,0.433041,,0.00526573,14.8917
0.00527,0.432104,,0.00527,14.892
0.00527168,0.43225,,0.00527168,14.8919
0.00527503,0.432539,,0.00527503,14.8919
0.00528174,0.433118,,0.00528174,14.8917
0.00529,0.433833,,0.00529,14.8915
0.00529134,0.432985,,0.00529134,14.8918
0.00529403,0.431295,,0.00529403,14.8922
0.0052994,0.427944,,0.0052994,14.893
0.00531,0.421441,,0.00531,14.8946
0.00531107,0.422185,,0.00531107,14.8945
0.00531322,0.423481,,0.00531322,14.8941
0.00531752,0.426091,,0.00531752,14.8935
0.00532611,0.431385,,0.00532611,14.8922
0.00533,0.433903,,0.00533,14.8915
0.00533172,0.43655,,0.00533172,14.8909
0.00533515,0.441894,,0.00533515,14.8895
0.00534203,0.452881,,0.00534203,14.8868
0.00535,0.466476,,0.00535,14.8834
0.00535137,0.468048,,0.00535137,14.883
0.00535412,0.470387,,0.00535412,14.8824
0.00535962,0.475115,,0.00535962,14.8812
0.00537,0.484248,,0.00537,14.8789
0.0053711,0.484727,,0.0053711,14.8788
0.0053733,0.48533,,0.0053733,14.8787
0.0053777,0.48654,,0.0053777,14.8784
0.00538649,0.488973,,0.00538649,14.8778
0.0054,0.492754,,0.0054,14.8768
0.00540176,0.492661,,0.00540176,14.8768
0.00540528,0.492417,,0.00540528,14.8769
0.00541231,0.491929,,0.00541231,14.877
0.00542,0.491397,,0.00542,14.8772
0.00542141,0.491923,,0.00542141,14.877
0.00542422,0.492978,,0.00542422,14.8768
0.00542985,0.495097,,0.00542985,14.8762
0.00544,0.498956,,0.00544,14.8753
0.00544113,0.498628,,0.00544113,14.8753
0.00544338,0.497914,,0.00544338,14.8755
0.00544788,0.49649,,0.00544788,14.8759
0.00545689,0.493661,,0.00545689,14.8766
0.00546,0.492709,,0.00546,14.8768
0.0054618,0.492049,,0.0054618,14.877
0.0054654,0.490728,,0.0054654,14.8773
0.00547261,0.488103,,0.00547261,14.878
0.00548,0.48545,,0.00548,14.8786
0.00548144,0.485168,,0.00548144,14.8787
0.00548432,0.484576,,0.00548432,14.8789
0.00549009,0.483395,,0.00549009,14.8792
0.0055,0.481376,,0.0055,14.8797
0.00550115,0.481797,,0.00550115,14.8796
0.00550346,0.482623,,0.00550346,14.8793
0.00550807,0.484282,,0.00550807,14.8789
0.00551729,0.487625,,0.00551729,14.8781
0.00552,0.488641,,0.00552,14.8778
0.00552184,0.487997,,0.00552184,14.878
0.00552553,0.48671,,0.00552553,14.8783
0.00553291,0.484152,,0.00553291,14.879
0.00554,0.48173,,0.00554,14.8796
0.00554148,0.482138,,0.00554148,14.8795
0.00554443,0.482933,,0.00554443,14.8793
0.00555033,0.484528,,0.00555033,14.8789
0.00556,0.487161,,0.00556,14.8782
0.00556118,0.486491,,0.00556118,14.8784
0.00556354,0.485127,,0.00556354,14.8787
0.00556826,0.482416,,0.00556826,14.8794
0.00557771,0.477062,,0.00557771,14.8807
0.00558,0.475847,,0.00558,14.881
0.00558189,0.474396,,0.00558189,14.8814
0.00558567,0.471508,,0.00558567,14.8821
0.00559322,0.465811,,0.00559322,14.8835
0.0056,0.460877,,0.0056,14.8848
0.00560151,0.462807,,0.00560151,14.8843
0.00560453,0.466601,,0.00560453,14.8833
0.00561058,0.474329,,0.00561058,14.8814
0.00562,0.48686,,0.00562,14.8783
0.00562121,0.487683,,0.00562121,14.8781
0.00562363,0.48866,,0.00562363,14.8778
0.00562846,0.490622,,0.00562846,14.8773
0.00563813,0.494582,,0.00563813,14.8764
0.00565,0.499542,,0.00565,14.8751
0.00565193,0.498745,,0.00565193,14.8753
0.0056558,0.497057,,0.0056558,14.8757
0.00566354,0.493709,,0.00566354,14.8766
0.00567,0.490968,,0.00567,14.8773
0.00567155,0.490716,,0.00567155,14.8773
0.00567464,0.490184,,0.00567464,14.8775
0.00568083,0.489122,,0.00568083,14.8777
0.00569,0.487558,,0.00569,14.8781
0.00569124,0.487729,,0.00569124,14.8781
0.00569371,0.488063,,0.00569371,14.878
0.00569867,0.488731,,0.00569867,14.8778
0.00570857,0.490071,,0.00570857,14.8775
0.00571,0.490269,,0.00571,14.8774
0.00571198,0.490575,,0.00571198,14.8774
0.00571594,0.491187,,0.00571594,14.8772
0.00572386,0.492414,,0.00572386,14.8769
0.00573,0.493372,,0.00573,14.8767
0.00573158,0.494304,,0.00573158,14.8764
0.00573475,0.496173,,0.00573475,14.876
0.00574109,0.499943,,0.00574109,14.875
0.00575,0.505341,,0.00575,14.8737
0.00575127,0.504656,,0.00575127,14.8738
0.0057538,0.503172,,0.0057538,14.8742
0.00575887,0.500226,,0.00575887,14.8749
0.00576394,0.497326,,0.00576394,14.8757
0.00577,0.493899,,0.00577,14.8765
0.00577101,0.492941,,0.00577101,14.8768
0.00577304,0.490986,,0.00577304,14.8773
0.0057771,0.487111,,0.0057771,14.8782
0.00578521,0.479497,,0.00578521,14.8801
0.00579,0.475242,,0.00579,14.8812
0.00579162,0.474912,,0.00579162,14.8813
0.00579487,0.474177,,0.00579487,14.8815
0.00580136,0.472712,,0.00580136,14.8818
0.00581,0.470776,,0.00581,14.8823
0.0058113,0.471589,,0.0058113,14.8821
0.00581389,0.473207,,0.00581389,14.8817
0.00581909,0.476468,,0.00581909,14.8809
0.00582428,0.479791,,0.00582428,14.8801
0.00583,0.483501,,0.00583,14.8791
0.00583104,0.484458,,0.00583104,14.8789
0.00583312,0.486323,,0.00583312,14.8784
0.00583727,0.490086,,0.00583727,14.8775
0.00584558,0.497743,,0.00584558,14.8756
0.00585,0.502054,,0.00585,14.8745
0.00585166,0.50167,,0.00585166,14.8746
0.00585498,0.50083,,0.00585498,14.8748
0.00586163,0.499158,,0.00586163,14.8752
0.00587492,0.495839,,0.00587492,14.876
0.00588,0.494608,,0.00588,14.8763
0.005882,0.49439,,0.005882,14.8764
0.005886,0.493948,,0.005886,14.8765
0.005894,0.493066,,0.005894,14.8767
0.0059,0.492408,,0.0059,14.8769
0.0059016,0.491947,,0.0059016,14.877
0.0059048,0.491026,,0.0059048,14.8772
0.0059112,0.489191,,0.0059112,14.8777
0.00592,0.486692,,0.00592,14.8783
0.00592128,0.484974,,0.00592128,14.8788
0.00592384,0.481543,,0.00592384,14.8796
0.00592896,0.47479,,0.00592896,14.8813
0.00593408,0.468295,,0.00593408,14.8829
0.00594,0.460973,,0.00594,14.8848
0.00594102,0.460279,,0.00594102,14.8849
0.00594307,0.458671,,0.00594307,14.8853
0.00594717,0.45548,,0.00594717,14.8861
0.00595536,0.449196,,0.00595536,14.8877
0.00596,0.445808,,0.00596,14.8885
0.00596164,0.446623,,0.00596164,14.8883
0.00596492,0.448206,,0.00596492,14.8879
0.00597147,0.451398,,0.00597147,14.8872
0.00598,0.455628,,0.00598,14.8861
0.00598131,0.456324,,0.00598131,14.8859
0.00598393,0.457642,,0.00598393,14.8856
0.00598918,0.460293,,0.00598918,14.8849
0.00599442,0.462988,,0.00599442,14.8843
0.006,0.465889,,0.006,14.8835
0.00600105,0.465711,,0.00600105,14.8836
0.00600315,0.465321,,0.00600315,14.8837
0.00600734,0.46454,,0.00600734,14.8839
0.00601573,0.462985,,0.00601573,14.8843
0.00602,0.462204,,0.00602,14.8844
0.00602168,0.464088,,0.00602168,14.884
0.00602503,0.467895,,0.00602503,14.883
0.00603174,0.475648,,0.00603174,14.8811
0.00604,0.485598,,0.00604,14.8786
0.00604134,0.485363,,0.00604134,14.8787
0.00604403,0.484477,,0.00604403,14.8789
0.0060494,0.482712,,0.0060494,14.8793
0.00606,0.479253,,0.00606,14.8802
0.00606107,0.478344,,0.00606107,14.8804
0.00606322,0.476486,,0.00606322,14.8809
0.00606752,0.472802,,0.00606752,14.8818
0.00607611,0.465561,,0.00607611,14.8836
0.00608,0.462475,,0.00608,14.8844
0.00608172,0.463462,,0.00608172,14.8841
0.00608515,0.465403,,0.00608515,14.8836
0.00609203,0.469323,,0.00609203,14.8827
0.0061,0.473972,,0.0061,14.8815
0.00610137,0.472853,,0.00610137,14.8818
0.00610412,0.470535,,0.00610412,14.8824
0.00610962,0.465951,,0.00610962,14.8835
0.00612062,0.456981,,0.00612062,14.8858
0.00613,0.44975,,0.00613,14.8876
0.006132,0.449252,,0.006132,14.8877
0.006136,0.448028,,0.006136,14.888
0.006144,0.445597,,0.006144,14.8886
0.00615,0.443803,,0.00615,14.889
0.0061516,0.445393,,0.0061516,14.8887
0.0061548,0.448587,,0.0061548,14.8879
0.0061612,0.455077,,0.0061612,14.8862
0.00617,0.464325,,0.00617,14.8839
0.00617128,0.464401,,0.00617128,14.8839
0.00617384,0.464174,,0.00617384,14.884
0.00617896,0.463719,,0.00617896,14.8841
0.00618408,0.463266,,0.00618408,14.8842
0.00619,0.462743,,0.00619,14.8843
0.00619102,0.461788,,0.00619102,14.8846
0.00619307,0.459885,,0.00619307,14.885
0.00619717,0.456116,,0.00619717,14.886
0.00620536,0.448714,,0.00620536,14.8878
0.00621,0.444758,,0.00621,14.8888
0.00621164,0.445595,,0.00621164,14.8886
0.00621492,0.447204,,0.00621492,14.8882
0.00622147,0.450448,,0.00622147,14.8874
0.00623,0.454749,,0.00623,14.8863
0.00623131,0.454889,,0.00623131,14.8863
0.00623393,0.455088,,0.00623393,14.8862
0.00623918,0.455485,,0.00623918,14.8861
0.00624442,0.455884,,0.00624442,14.886
0.00625,0.456309,,0.00625,14.8859
0.00625105,0.455205,,0.00625105,14.8862
0.00625315,0.45301,,0.00625315,14.8867
0.00625734,0.448668,,0.00625734,14.8878
0.00626573,0.440169,,0.00626573,14.89
0.00627,0.436141,,0.00627,14.891
0.00627168,0.437074,,0.00627168,14.8907
0.00627503,0.438873,,0.00627503,14.8903
0.00628174,0.442505,,0.00628174,14.8894
0.00629,0.447069,,0.00629,14.8882
0.00629134,0.448335,,0.00629134,14.8879
0.00629403,0.450789,,0.00629403,14.8873
0.0062994,0.455757,,0.0062994,14.8861
0.00631,0.465817,,0.00631,14.8835
0.00631107,0.466592,,0.00631107,14.8834
0.00631322,0.467694,,0.00631322,14.8831
0.00631752,0.469911,,0.00631752,14.8825
0.00632611,0.474392,,0.00632611,14.8814
0.00633,0.4765,,0.00633,14.8809
0.00633172,0.475883,,0.00633172,14.881
0.00633515,0.474635,,0.00633515,14.8813
0.00634203,0.472153,,0.00634203,14.882
0.00635,0.469312,,0.00635,14.8827
0.00635137,0.467549,,0.00635137,14.8831
0.00635412,0.464022,,0.00635412,14.884
0.00635962,0.457086,,0.00635962,14.8857
0.00637,0.444433,,0.00637,14.8889
0.0063711,0.444692,,0.0063711,14.8888
0.0063733,0.444525,,0.0063733,14.8889
0.0063777,0.44419,,0.0063777,14.889
0.00638649,0.443521,,0.00638649,14.8891
0.0064,0.442499,,0.0064,14.8894
0.00640176,0.44201,,0.00640176,14.8895
0.00640528,0.44103,,0.00640528,14.8897
0.00641231,0.439081,,0.00641231,14.8902
0.00642,0.436977,,0.00642,14.8908
0.00642141,0.436454,,0.00642141,14.8909
0.00642422,0.43539,,0.00642422,14.8912
0.00642985,0.433275,,0.00642985,14.8917
0.00644,0.429504,,0.00644,14.8926
0.00644113,0.430224,,0.00644113,14.8924
0.00644338,0.431606,,0.00644338,14.8921
0.00644788,0.434388,,0.00644788,14.8914
0.00645689,0.440034,,0.00645689,14.89
0.00646,0.442103,,0.00646,14.8895
0.0064618,0.443563,,0.0064618,14.8891
0.0064654,0.446489,,0.0064654,14.8884
0.00647261,0.452427,,0.00647261,14.8869
0.00648,0.458741,,0.00648,14.8853
0.00648144,0.458855,,0.00648144,14.8853
0.00648432,0.458907,,0.00648432,14.8853
0.00649009,0.459012,,0.00649009,14.8852
0.0065,0.459191,,0.0065,14.8852
0.00650115,0.459191,,0.00650115,14.8852
0.00650346,0.459191,,0.00650346,14.8852
0.00650807,0.459191,,0.00650807,14.8852
0.00651729,0.459191,,0.00651729,14.8852
0.00652,0.459191,,0.00652,14.8852
0.00652184,0.46072,,0.00652184,14.8848
0.00652553,0.463803,,0.00652553,14.884
0.00653291,0.470063,,0.00653291,14.8825
0.00654,0.476305,,0.00654,14.8809
0.00654148,0.477351,,0.00654148,14.8807
0.00654443,0.479288,,0.00654443,14.8802
0.00655033,0.483197,,0.00655033,14.8792
0.00656,0.489725,,0.00656,14.8776
0.00656118,0.490727,,0.00656118,14.8773
0.00656354,0.492562,,0.00656354,14.8769
0.00656826,0.496262,,0.00656826,14.8759
0.00657771,0.503788,,0.00657771,14.8741
0.00658,0.505779,,0.00658,14.8736
0.00658189,0.506089,,0.00658189,14.8735
0.00658567,0.506694,,0.00658567,14.8733
0.00659322,0.507908,,0.00659322,14.873
0.0066,0.509005,,0.0066,14.8727
0.00660151,0.5087,,0.00660151,14.8728
0.00660453,0.508089,,0.00660453,14.873
0.00661058,0.506868,,0.00661058,14.8733
0.00662,0.504977,,0.00662,14.8738
0.00662121,0.504426,,0.00662121,14.8739
0.00662363,0.503314,,0.00662363,14.8742
0.00662846,0.5011,,0.00662846,14.8747
0.00663813,0.496716,,0.00663813,14.8758
0.00665,0.491457,,0.00665,14.8771
0.00665193,0.491385,,0.00665193,14.8772
0.0066558,0.49113,,0.0066558,14.8772
0.00666354,0.490621,,0.00666354,14.8773
0.00667,0.490198,,0.00667,14.8775
0.00667155,0.48836,,0.00667155,14.8779
0.00667464,0.484719,,0.00667464,14.8788
0.00668083,0.477557,,0.00668083,14.8806
0.00669,0.467324,,0.00669,14.8832
0.00669124,0.467657,,0.00669124,14.8831
0.00669371,0.46789,,0.00669371,14.883
0.00669867,0.468356,,0.00669867,14.8829
0.00670857,0.46929,,0.00670857,14.8827
0.00671,0.469427,,0.00671,14.8826
0.00671198,0.469884,,0.00671198,14.8825
0.00671594,0.470798,,0.00671594,14.8823
0.00672386,0.472635,,0.00672386,14.8818
0.00673,0.474074,,0.00673,14.8815
0.00673158,0.473247,,0.00673158,14.8817
0.00673475,0.471592,,0.00673475,14.8821
0.00674109,0.468307,,0.00674109,14.8829
0.00675,0.463769,,0.00675,14.8841
0.00675127,0.464322,,0.00675127,14.8839
0.0067538,0.465343,,0.0067538,14.8837
0.00675887,0.467396,,0.00675887,14.8832
0.00676394,0.469474,,0.00676394,14.8826
0.00677,0.471976,,0.00677,14.882
0.00677101,0.471995,,0.00677101,14.882
0.00677304,0.472008,,0.00677304,14.882
0.0067771,0.472033,,0.0067771,14.882
0.00678521,0.472084,,0.00678521,14.882
0.00679,0.472114,,0.00679,14.882
0.00679162,0.473351,,0.00679162,14.8817
0.00679487,0.475841,,0.00679487,14.881
0.00680136,0.480879,,0.00680136,14.8798
0.00681,0.487766,,0.00681,14.8781
0.0068113,0.487284,,0.0068113,14.8782
0.00681389,0.486125,,0.00681389,14.8785
0.00681909,0.483818,,0.00681909,14.879
0.00682428,0.481541,,0.00682428,14.8796
0.00683,0.479054,,0.00683,14.8802
0.00683104,0.478468,,0.00683104,14.8804
0.00683312,0.477273,,0.00683312,14.8807
0.00683727,0.474898,,0.00683727,14.8813
0.00684558,0.4702,,0.00684558,14.8825
0.00685,0.467788,,0.00685,14.8831
0.00685166,0.467618,,0.00685166,14.8831
0.00685498,0.467254,,0.00685498,14.8832
0.00686163,0.466527,,0.00686163,14.8834
0.00687492,0.465079,,0.00687492,14.8837
0.00688,0.464534,,0.00688,14.8839
0.006882,0.466414,,0.006882,14.8834
0.006886,0.470212,,0.006886,14.8824
0.006894,0.477949,,0.006894,14.8805
0.0069,0.48405,,0.0069,14.879
0.0069016,0.485216,,0.0069016,14.8787
0.0069048,0.487406,,0.0069048,14.8781
0.0069112,0.49183,,0.0069112,14.877
0.00692,0.498052,,0.00692,14.8755
0.00692128,0.497897,,0.00692128,14.8755
0.00692384,0.49743,,0.00692384,14.8756
0.00692896,0.496497,,0.00692896,14.8759
0.00693408,0.495569,,0.00693408,14.8761
0.00694,0.4945,,0.00694,14.8764
0.00694102,0.495155,,0.00694102,14.8762
0.00694307,0.496466,,0.00694307,14.8759
0.00694717,0.499103,,0.00694717,14.8752
0.00695536,0.504441,,0.00695536,14.8739
0.00696,0.507578,,0.00696,14.8731
0.00696164,0.507921,,0.00696164,14.873
0.00696492,0.508567,,0.00696492,14.8729
0.00697147,0.509864,,0.00697147,14.8725
0.00698,0.511564,,0.00698,14.8721
0.00698131,0.511031,,0.00698131,14.8722
0.00698393,0.509957,,0.00698393,14.8725
0.00698918,0.507819,,0.00698918,14.873
0.00699442,0.505706,,0.00699442,14.8736
0.007,0.503474,,0.007,14.8741
0.00700105,0.502868,,0.00700105,14.8743
0.00700315,0.501638,,0.00700315,14.8746
0.00700734,0.499193,,0.00700734,14.8752
0.00701573,0.494356,,0.00701573,14.8764
0.00702,0.491981,,0.00702,14.877
0.00702168,0.490806,,0.00702168,14.8773
0.00702503,0.488446,,0.00702503,14.8779
0.00703174,0.483778,,0.00703174,14.8791
0.00704,0.478174,,0.00704,14.8805
0.00704134,0.47806,,0.00704134,14.8805
0.00704403,0.477702,,0.00704403,14.8806
0.0070494,0.476989,,0.0070494,14.8808
0.00706,0.475585,,0.00706,14.8811
0.00706107,0.474779,,0.00706107,14.8813
0.00706322,0.473166,,0.00706322,14.8817
0.00706752,0.469965,,0.00706752,14.8825
0.00707611,0.463659,,0.00707611,14.8841
0.00708,0.460951,,0.00708,14.8848
0.00708172,0.46082,,0.00708172,14.8848
0.00708515,0.460527,,0.00708515,14.8849
0.00709203,0.459942,,0.00709203,14.885
0.0071,0.459265,,0.0071,14.8852
0.00710137,0.459408,,0.00710137,14.8851
0.00710412,0.459691,,0.00710412,14.8851
0.00710962,0.460258,,0.00710962,14.8849
0.00712062,0.461396,,0.00712062,14.8847
0.00713,0.462374,,0.00713,14.8844
0.007132,0.461761,,0.007132,14.8846
0.007136,0.460536,,0.007136,14.8849
0.007144,0.4581,,0.007144,14.8855
0.00715,0.456302,,0.00715,14.8859
0.0071516,0.455348,,0.0071516,14.8862
0.0071548,0.453435,,0.0071548,14.8866
0.0071612,0.449646,,0.0071612,14.8876
0.00717,0.444543,,0.00717,14.8889
0.00717128,0.443588,,0.00717128,14.8891
0.00717384,0.441573,,0.00717384,14.8896
0.00717896,0.437586,,0.00717896,14.8906
0.00718408,0.433696,,0.00718408,14.8916
0.00719,0.429273,,0.00719,14.8927
0.00719102,0.429694,,0.00719102,14.8926
0.00719307,0.430449,,0.00719307,14.8924
0.00719717,0.431964,,0.00719717,14.892
0.00720536,0.435019,,0.00720536,14.8912
0.00721,0.436793,,0.00721,14.8908
0.00721164,0.438457,,0.00721164,14.8904
0.00721492,0.441802,,0.00721492,14.8895
0.00722147,0.448608,,0.00722147,14.8878
0.00723,0.457816,,0.00723,14.8855
0.00723131,0.459014,,0.00723131,14.8852
0.00723393,0.46104,,0.00723393,14.8847
0.00723918,0.465132,,0.00723918,14.8837
0.00724442,0.469325,,0.00724442,14.8827
0.00725,0.473868,,0.00725,14.8815
0.00725105,0.473851,,0.00725105,14.8815
0.00725315,0.47373,,0.00725315,14.8816
0.00725734,0.473487,,0.00725734,14.8816
0.00726573,0.473002,,0.00726573,14.8817
0.00727,0.472756,,0.00727,14.8818
0.00727168,0.473822,,0.00727168,14.8815
0.00727503,0.475965,,0.00727503,14.881
0.00728174,0.480294,,0.00728174,14.8799
0.00729,0.485745,,0.00729,14.8786
0.00729134,0.485243,,0.00729134,14.8787
0.00729403,0.484118,,0.00729403,14.879
0.0072994,0.481879,,0.0072994,14.8795
0.00731,0.477502,,0.00731,14.8806
0.00731107,0.477313,,0.00731107,14.8807
0.00731322,0.476857,,0.00731322,14.8808
0.00731752,0.475947,,0.00731752,14.881
0.00732611,0.474134,,0.00732611,14.8815
0.00733,0.473325,,0.00733,14.8817
0.00733172,0.473724,,0.00733172,14.8816
0.00733515,0.474519,,0.00733515,14.8814
0.00734203,0.476117,,0.00734203,14.881
0.00735,0.477987,,0.00735,14.8805
0.00735137,0.477844,,0.00735137,14.8805
0.00735412,0.477542,,0.00735412,14.8806
0.00735962,0.47694,,0.00735962,14.8808
0.00737,0.475807,,0.00737,14.881
0.0073711,0.476089,,0.0073711,14.881
0.0073733,0.476648,,0.0073733,14.8808
0.0073777,0.47777,,0.0073777,14.8806
0.00738649,0.480024,,0.00738649,14.88
0.0074,0.483525,,0.0074,14.8791
0.00740176,0.484186,,0.00740176,14.879
0.00740528,0.485459,,0.00740528,14.8786
0.00741231,0.488021,,0.00741231,14.878
0.00742,0.490859,,0.00742,14.8773
0.00742141,0.48928,,0.00742141,14.8777
0.00742422,0.486116,,0.00742422,14.8785
0.00742985,0.479878,,0.00742985,14.88
0.00744,0.468961,,0.00744,14.8828
0.00744113,0.467882,,0.00744113,14.883
0.00744338,0.465252,,0.00744338,14.8837
0.00744788,0.460059,,0.00744788,14.885
0.00745689,0.449932,,0.00745689,14.8875
0.00746,0.446785,,0.00746,14.8883
0.0074618,0.445986,,0.0074618,14.8885
0.0074654,0.444347,,0.0074654,14.8889
0.00747261,0.441097,,0.00747261,14.8897
0.00748,0.43783,,0.00748,14.8905
0.00748144,0.437105,,0.00748144,14.8907
0.00748432,0.435611,,0.00748432,14.8911
0.00749009,0.432648,,0.00749009,14.8918
0.0075,0.427633,,0.0075,14.8931
0.00750115,0.428068,,0.00750115,14.893
0.00750346,0.428825,,0.00750346,14.8928
0.00750807,0.430345,,0.00750807,14.8924
0.00751729,0.433408,,0.00751729,14.8916
0.00752,0.43434,,0.00752,14.8914
0.00752184,0.433897,,0.00752184,14.8915
0.00752553,0.433009,,0.00752553,14.8917
0.00753291,0.431242,,0.00753291,14.8922
0.00754,0.429563,,0.00754,14.8926
0.00754148,0.428087,,0.00754148,14.893
0.00754443,0.425149,,0.00754443,14.8937
0.00755033,0.419362,,0.00755033,14.8952
0.00756,0.410183,,0.00756,14.8975
0.00756118,0.409818,,0.00756118,14.8975
0.00756354,0.408696,,0.00756354,14.8978
0.00756826,0.406466,,0.00756826,14.8984
0.00757771,0.402061,,0.00757771,14.8995
0.00758,0.40106,,0.00758,14.8997
0.00758189,0.402051,,0.00758189,14.8995
0.00758567,0.404043,,0.00758567,14.899
0.00759322,0.408069,,0.00759322,14.898
0.0076,0.411785,,0.0076,14.8971
0.00760151,0.413307,,0.00760151,14.8967
0.00760453,0.416311,,0.00760453,14.8959
0.00761058,0.422419,,0.00761058,14.8944
0.00762,0.432277,,0.00762,14.8919
0.00762121,0.432409,,0.00762121,14.8919
0.00762363,0.432206,,0.00762363,14.8919
0.00762846,0.4318,,0.00762846,14.8921
0.00763813,0.430989,,0.00763813,14.8923
0.00765,0.43,,0.00765,14.8925
0.00765193,0.429485,,0.00765193,14.8926
0.0076558,0.428453,,0.0076558,14.8929
0.00766354,0.426401,,0.00766354,14.8934
0.00767,0.424711,,0.00767,14.8938
0.00767155,0.426075,,0.00767155,14.8935
0.00767464,0.428811,,0.00767464,14.8928
0.00768083,0.434362,,0.00768083,14.8914
0.00769,0.442845,,0.00769,14.8893
0.00769124,0.443587,,0.00769124,14.8891
0.00769371,0.44474,,0.00769371,14.8888
0.00769867,0.44706,,0.00769867,14.8882
0.00770857,0.451754,,0.00770857,14.8871
0.00771,0.452495,,0.00771,14.8869
0.00771198,0.45492,,0.00771198,14.8863
0.00771594,0.459832,,0.00771594,14.885
0.00772386,0.469898,,0.00772386,14.8825
0.00773,0.478221,,0.00773,14.8804
0.00773158,0.47918,,0.00773158,14.8802
0.00773475,0.480814,,0.00773475,14.8798
0.00774109,0.484105,,0.00774109,14.879
0.00775,0.48881,,0.00775,14.8778
0.00775127,0.488328,,0.00775127,14.8779
0.0077538,0.487276,,0.0077538,14.8782
0.00775887,0.485181,,0.00775887,14.8787
0.00776394,0.483111,,0.00776394,14.8792
0.00777,0.480659,,0.00777,14.8798
0.00777101,0.480074,,0.00777101,14.88
0.00777304,0.478882,,0.00777304,14.8803
0.0077771,0.476512,,0.0077771,14.8809
0.00778521,0.471825,,0.00778521,14.882
0.00779,0.469151,,0.00779,14.8827
0.00779162,0.469225,,0.00779162,14.8827
0.00779487,0.469341,,0.00779487,14.8827
0.00780136,0.469574,,0.00780136,14.8826
0.00781,0.469885,,0.00781,14.8825
0.0078113,0.471836,,0.0078113,14.882
0.00781389,0.475779,,0.00781389,14.8811
0.00781909,0.483814,,0.00781909,14.879
0.00782428,0.492228,,0.00782428,14.8769
0.00783,0.501813,,0.00783,14.8745
0.00783104,0.501402,,0.00783104,14.8746
0.00783312,0.500207,,0.00783312,14.8749
0.00783727,0.497832,,0.00783727,14.8755
0.00784558,0.493131,,0.00784558,14.8767
0.00785,0.490714,,0.00785,14.8773
0.00785166,0.491071,,0.00785166,14.8772
0.00785498,0.491762,,0.00785498,14.8771
0.00786163,0.49315,,0.00786163,14.8767
0.00787492,0.495942,,0.00787492,14.876
0.00788,0.497035,,0.00788,14.8757
0.007882,0.498961,,0.007882,14.8753
0.007886,0.502846,,0.007886,14.8743
0.007894,0.510754,,0.007894,14.8723
0.0079,0.516975,,0.0079,14.8708
0.0079016,0.515818,,0.0079016,14.871
0.0079048,0.513367,,0.0079048,14.8717
0.0079112,0.508519,,0.0079112,14.8729
0.00792,0.502007,,0.00792,14.8745
0.00792128,0.501031,,0.00792128,14.8747
0.00792384,0.498923,,0.00792384,14.8753
0.00792896,0.494748,,0.00792896,14.8763
0.00793408,0.490668,,0.00793408,14.8773
0.00794,0.486022,,0.00794,14.8785
0.00794102,0.487251,,0.00794102,14.8782
0.00794307,0.489636,,0.00794307,14.8776
0.00794717,0.494458,,0.00794717,14.8764
0.00795536,0.504318,,0.00795536,14.8739
0.00796,0.510301,,0.00796,14.8724
0.00796164,0.510254,,0.00796164,14.8724
0.00796492,0.510021,,0.00796492,14.8725
0.00797147,0.509556,,0.00797147,14.8726
0.00798,0.508952,,0.00798,14.8728
0.00798131,0.507731,,0.00798131,14.8731
0.00798393,0.505301,,0.00798393,14.8737
0.00798918,0.500493,,0.00798918,14.8749
0.00799442,0.49581,,0.00799442,14.876
0.008,0.490913,,0.008,14.8773
0.00800105,0.491744,,0.00800105,14.8771
0.00800315,0.493314,,0.00800315,14.8767
0.00800734,0.496478,,0.00800734,14.8759
0.00801573,0.502898,,0.00801573,14.8743
0.00802,0.506325,,0.00802,14.8734
0.00802168,0.504723,,0.00802168,14.8738
0.00802503,0.501499,,0.00802503,14.8746
0.00803174,0.495143,,0.00803174,14.8762
0.00804,0.487574,,0.00804,14.8781
0.00804134,0.486808,,0.00804134,14.8783
0.00804403,0.485052,,0.00804403,14.8787
0.0080494,0.481568,,0.0080494,14.8796
0.00806,0.474798,,0.00806,14.8813
0.00806107,0.474736,,0.00806107,14.8813
0.00806322,0.474422,,0.00806322,14.8814
0.00806752,0.473796,,0.00806752,14.8816
0.00807611,0.472548,,0.00807611,14.8819
0.00808,0.471988,,0.00808,14.882
0.00808172,0.47164,,0.00808172,14.8821
0.00808515,0.470942,,0.00808515,14.8823
0.00809203,0.469552,,0.00809203,14.8826
0.0081,0.46795,,0.0081,14.883
0.00810137,0.468478,,0.00810137,14.8829
0.00810412,0.469524,,0.00810412,14.8826
0.00810962,0.471629,,0.00810962,14.8821
0.00812062,0.475879,,0.00812062,14.881
0.00813,0.479603,,0.00813,14.8801
0.008132,0.48075,,0.008132,14.8798
0.008136,0.482998,,0.008136,14.8793
0.008144,0.487543,,0.008144,14.8781
0.00815,0.491051,,0.00815,14.8772
0.0081516,0.491179,,0.0081516,14.8772
0.0081548,0.491385,,0.0081548,14.8772
0.0081612,0.491797,,0.0081612,14.8771
0.00817,0.492365,,0.00817,14.8769
0.00817128,0.493689,,0.00817128,14.8766
0.00817384,0.496353,,0.00817384,14.8759
0.00817896,0.501747,,0.00817896,14.8746
0.00818408,0.507303,,0.00818408,14.8732
0.00819,0.513862,,0.00819,14.8715
0.00819102,0.512996,,0.00819102,14.8718
0.00819307,0.511104,,0.00819307,14.8722
0.00819717,0.507351,,0.00819717,14.8732
0.00820536,0.499967,,0.00820536,14.875
0.00821,0.495997,,0.00821,14.876
0.00821164,0.495635,,0.00821164,14.8761
0.00821492,0.494849,,0.00821492,14.8763
0.00822147,0.493283,,0.00822147,14.8767
0.00823,0.49126,,0.00823,14.8772
0.00823131,0.493177,,0.00823131,14.8767
0.00823393,0.497032,,0.00823393,14.8757
0.00823918,0.504878,,0.00823918,14.8738
0.00824442,0.513069,,0.00824442,14.8717
0.00825,0.522071,,0.00825,14.8695
0.00825105,0.521968,,0.00825105,14.8695
0.00825315,0.521446,,0.00825315,14.8696
0.00825734,0.520406,,0.00825734,14.8699
0.00826573,0.518334,,0.00826573,14.8704
0.00827,0.517294,,0.00827,14.8707
0.00827168,0.516914,,0.00827168,14.8708
0.00827503,0.516151,,0.00827503,14.871
0.00828174,0.514632,,0.00828174,14.8713
0.00829,0.512776,,0.00829,14.8718
0.00829134,0.512433,,0.00829134,14.8719
0.00829403,0.511736,,0.00829403,14.8721
0.0082994,0.510345,,0.0082994,14.8724
0.00831,0.507614,,0.00831,14.8731
0.00831107,0.506905,,0.00831107,14.8733
0.00831322,0.505463,,0.00831322,14.8736
0.00831752,0.502598,,0.00831752,14.8744
0.00832611,0.496941,,0.00832611,14.8758
0.00833,0.49449,,0.00833,14.8764
0.00833172,0.494937,,0.00833172,14.8763
0.00833515,0.495808,,0.00833515,14.876
0.00834203,0.497557,,0.00834203,14.8756
0.00835,0.499606,,0.00835,14.8751
0.00835137,0.50029,,0.00835137,14.8749
0.00835412,0.501645,,0.00835412,14.8746
0.00835962,0.504374,,0.00835962,14.8739
0.00837062,0.509897,,0.00837062,14.8725
0.00838,0.514763,,0.00838,14.8713
0.008382,0.513,,0.008382,14.8718
0.008386,0.509411,,0.008386,14.8726
0.008394,0.502346,,0.008394,14.8744
0.0084,0.497272,,0.0084,14.8757
0.0084016,0.49594,,0.0084016,14.876
0.0084048,0.493192,,0.0084048,14.8767
0.0084112,0.487764,,0.0084112,14.8781
0.00842,0.480502,,0.00842,14.8799
0.00842128,0.479824,,0.00842128,14.88
0.00842384,0.478258,,0.00842384,14.8804
0.00842896,0.475149,,0.00842896,14.8812
0.00843408,0.472095,,0.00843408,14.882
0.00844,0.468606,,0.00844,14.8828
0.00844102,0.469046,,0.00844102,14.8827
0.00844307,0.469876,,0.00844307,14.8825
0.00844717,0.471542,,0.00844717,14.8821
0.00845536,0.474901,,0.00845536,14.8813
0.00846,0.476852,,0.00846,14.8808
0.00846164,0.476465,,0.00846164,14.8809
0.00846492,0.475678,,0.00846492,14.8811
0.00847147,0.47411,,0.00847147,14.8815
0.00848,0.472086,,0.00848,14.882
0.00848131,0.471282,,0.00848131,14.8822
0.00848393,0.469664,,0.00848393,14.8826
0.00848918,0.466452,,0.00848918,14.8834
0.00849442,0.4633,,0.00849442,14.8842
0.0085,0.459988,,0.0085,14.885
0.00850105,0.460531,,0.00850105,14.8849
0.00850315,0.461574,,0.00850315,14.8846
0.00850734,0.463671,,0.00850734,14.8841
0.00851573,0.467906,,0.00851573,14.883
0.00852,0.470137,,0.00852,14.8825
0.00852168,0.470993,,0.00852168,14.8823
0.00852503,0.472691,,0.00852503,14.8818
0.00853174,0.476115,,0.00853174,14.881
0.00854,0.480406,,0.00854,14.8799
0.00854134,0.479562,,0.00854134,14.8801
0.00854403,0.477804,,0.00854403,14.8805
0.0085494,0.474317,,0.0085494,14.8814
0.00856,0.467542,,0.00856,14.8831
0.00856107,0.468043,,0.00856107,14.883
0.00856322,0.468854,,0.00856322,14.8828
0.00856752,0.470483,,0.00856752,14.8824
0.00857611,0.473766,,0.00857611,14.8816
0.00858,0.475296,,0.00858,14.8812
0.00858172,0.477941,,0.00858172,14.8805
0.00858515,0.483295,,0.00858515,14.8792
0.00859203,0.494277,,0.00859203,14.8764
0.0086,0.507791,,0.0086,14.8731
0.00860137,0.508714,,0.00860137,14.8728
0.00860412,0.509819,,0.00860412,14.8725
0.00860962,0.51204,,0.00860962,14.872
0.00862062,0.516524,,0.00862062,14.8709
0.00863,0.520451,,0.00863,14.8699
0.008632,0.520554,,0.008632,14.8699
0.008636,0.520702,,0.008636,14.8698
0.008644,0.520998,,0.008644,14.8698
0.00865,0.52122,,0.00865,14.8697
0.0086516,0.519152,,0.0086516,14.8702
0.0086548,0.515055,,0.0086548,14.8712
0.0086612,0.507007,,0.0086612,14.8732
0.00867,0.496363,,0.00867,14.8759
0.00867128,0.496493,,0.00867128,14.8759
0.00867384,0.49631,,0.00867384,14.8759
0.00867896,0.495946,,0.00867896,14.876
0.00868408,0.495582,,0.00868408,14.8761
0.00869,0.495162,,0.00869,14.8762
0.00869102,0.49569,,0.00869102,14.8761
0.00869307,0.496746,,0.00869307,14.8758
0.00869717,0.49887,,0.00869717,14.8753
0.00870536,0.503158,,0.00870536,14.8742
0.00871,0.50566,,0.00871,14.8736
0.00871164,0.503776,,0.00871164,14.8741
0.00871492,0.500017,,0.00871492,14.875
0.00872147,0.492626,,0.00872147,14.8768
0.00873,0.483357,,0.00873,14.8792
0.00873131,0.4826,,0.00873131,14.8794
0.00873393,0.480746,,0.00873393,14.8798
0.00873918,0.477071,,0.00873918,14.8807
0.00874442,0.473473,,0.00874442,14.8816
0.00875,0.469698,,0.00875,14.8826
0.00875105,0.470307,,0.00875105,14.8824
0.00875315,0.471467,,0.00875315,14.8821
0.00875734,0.473801,,0.00875734,14.8815
0.00876573,0.478522,,0.00876573,14.8804
0.00877,0.481015,,0.00877,14.8797
0.00877168,0.48166,,0.00877168,14.8796
0.00877503,0.482929,,0.00877503,14.8793
0.00878174,0.485482,,0.00878174,14.8786
0.00879,0.488665,,0.00879,14.8778
0.00879134,0.48877,,0.00879134,14.8778
0.00879403,0.488938,,0.00879403,14.8778
0.0087994,0.489275,,0.0087994,14.8777
0.00881,0.489941,,0.00881,14.8775
0.00881107,0.491019,,0.00881107,14.8772
0.00881322,0.493186,,0.00881322,14.8767
0.00881752,0.497562,,0.00881752,14.8756
0.00882611,0.50649,,0.00882611,14.8734
0.00883,0.510829,,0.00883,14.8723
0.00883172,0.51127,,0.00883172,14.8722
0.00883515,0.512082,,0.00883515,14.872
0.00884203,0.513713,,0.00884203,14.8716
0.00885,0.515621,,0.00885,14.8711
0.00885137,0.515479,,0.00885137,14.8711
0.00885412,0.515181,,0.00885412,14.8712
0.00885962,0.514587,,0.00885962,14.8714
0.00887,0.513467,,0.00887,14.8716
0.0088711,0.514429,,0.0088711,14.8714
0.0088733,0.516358,,0.0088733,14.8709
0.0088777,0.520248,,0.0088777,14.8699
0.00888649,0.528161,,0.00888649,14.868
0.0089,0.540761,,0.0089,14.8648
0.00890176,0.540638,,0.00890176,14.8648
0.00890528,0.539783,,0.00890528,14.8651
0.00891231,0.53808,,0.00891231,14.8655
0.00892,0.536235,,0.00892,14.8659
0.00892141,0.535747,,0.00892141,14.8661
0.00892422,0.534761,,0.00892422,14.8663
0.00892985,0.532797,,0.00892985,14.8668
0.00894,0.529285,,0.00894,14.8677
0.00894113,0.529431,,0.00894113,14.8676
0.00894338,0.529676,,0.00894338,14.8676
0.00894788,0.530167,,0.00894788,14.8675
0.00895689,0.53115,,0.00895689,14.8672
0.00896,0.531493,,0.00896,14.8671
0.0089618,0.532467,,0.0089618,14.8669
0.0089654,0.534423,,0.0089654,14.8664
0.00897261,0.538368,,0.00897261,14.8654
0.00898,0.542497,,0.00898,14.8644
0.00898144,0.541705,,0.00898144,14.8646
0.00898432,0.540065,,0.00898432,14.865
0.00899009,0.536808,,0.00899009,14.8658
0.009,0.531286,,0.009,14.8672
0.00900115,0.531348,,0.00900115,14.8672
0.00900346,0.53136,,0.00900346,14.8672
0.00900807,0.531383,,0.00900807,14.8672
0.00901729,0.53143,,0.00901729,14.8671
0.00902,0.531443,,0.00902,14.8671
0.00902184,0.530791,,0.00902184,14.8673
0.00902553,0.52949,,0.00902553,14.8676
0.00903291,0.526902,,0.00903291,14.8683
0.00904,0.52445,,0.00904,14.8689
0.00904148,0.522144,,0.00904148,14.8695
0.00904443,0.51756,,0.00904443,14.8706
0.00905033,0.508572,,0.00905033,14.8729
0.00906,0.494443,,0.00906,14.8764
0.00906118,0.495545,,0.00906118,14.8761
0.00906354,0.496984,,0.00906354,14.8758
0.00906826,0.499881,,0.00906826,14.875
0.00907771,0.50575,,0.00907771,14.8736
0.00908,0.507273,,0.00908,14.8732
0.00908189,0.509065,,0.00908189,14.8727
0.00908567,0.512671,,0.00908567,14.8718
0.00909322,0.52,,0.00909322,14.87
0.0091,0.526846,,0.0091,14.8683
0.00910151,0.526672,,0.00910151,14.8683
0.00910453,0.526145,,0.00910453,14.8685
0.00911058,0.525094,,0.00911058,14.8687
0.00912,0.523464,,0.00912,14.8691
0.00912121,0.522878,,0.00912121,14.8693
0.00912363,0.521701,,0.00912363,14.8696
0.00912846,0.519357,,0.00912846,14.8702
0.00913813,0.514717,,0.00913813,14.8713
0.00915,0.509154,,0.00915,14.8727
0.00915193,0.50943,,0.00915193,14.8726
0.0091558,0.509862,,0.0091558,14.8725
0.00916354,0.510726,,0.00916354,14.8723
0.00917,0.511452,,0.00917,14.8721
0.00917155,0.511493,,0.00917155,14.8721
0.00917464,0.511574,,0.00917464,14.8721
0.00918083,0.511735,,0.00918083,14.8721
0.00919,0.511973,,0.00919,14.872
0.00919124,0.511719,,0.00919124,14.8721
0.00919371,0.511212,,0.00919371,14.8722
0.00919867,0.5102,,0.00919867,14.8725
0.00920857,0.508185,,0.00920857,14.873
0.00921,0.507903,,0.00921,14.873
0.00921198,0.50684,,0.00921198,14.8733
0.00921594,0.504725,,0.00921594,14.8738
0.00922386,0.500533,,0.00922386,14.8749
0.00923,0.497369,,0.00923,14.8757
0.00923158,0.496822,,0.00923158,14.8758
0.00923475,0.495691,,0.00923475,14.8761
0.00924109,0.493441,,0.00924109,14.8766
0.00925,0.490314,,0.00925,14.8774
0.00925127,0.490437,,0.00925127,14.8774
0.0092538,0.490644,,0.0092538,14.8773
0.00925887,0.491058,,0.00925887,14.8772
0.00926394,0.491474,,0.00926394,14.8771
0.00927,0.491971,,0.00927,14.877
0.00927101,0.490204,,0.00927101,14.8774
0.00927304,0.486703,,0.00927304,14.8783
0.0092771,0.479811,,0.0092771,14.88
0.00928521,0.466462,,0.00928521,14.8834
0.00929,0.459322,,0.00929,14.8852
0.00929162,0.457747,,0.00929162,14.8856
0.00929487,0.454401,,0.00929487,14.8864
0.00930136,0.447819,,0.00930136,14.888
0.00931,0.439368,,0.00931,14.8902
0.0093113,0.440034,,0.0093113,14.89
0.00931389,0.441053,,0.00931389,14.8897
0.00931909,0.443102,,0.00931909,14.8892
0.00932428,0.445177,,0.00932428,14.8887
0.00933,0.447484,,0.00933,14.8881
0.00933104,0.448073,,0.00933104,14.888
0.00933312,0.44923,,0.00933312,14.8877
0.00933727,0.451558,,0.00933727,14.8871
0.00934558,0.456267,,0.00934558,14.8859
0.00935,0.45887,,0.00935,14.8853
0.00935166,0.46056,,0.00935166,14.8849
0.00935498,0.463939,,0.00935498,14.884
0.00936163,0.470811,,0.00936163,14.8823
0.00937,0.479794,,0.00937,14.8801
0.00937133,0.479804,,0.00937133,14.88
0.00937399,0.479479,,0.00937399,14.8801
0.0093793,0.478829,,0.0093793,14.8803
0.00938994,0.477534,,0.00938994,14.8806
0.0094,0.476318,,0.0094,14.8809
0.009402,0.476258,,0.009402,14.8809
0.009406,0.476131,,0.009406,14.881
0.009414,0.475878,,0.009414,14.881
0.00942,0.475689,,0.00942,14.8811
0.0094216,0.474417,,0.0094216,14.8814
0.0094248,0.471889,,0.0094248,14.882
0.0094312,0.466894,,0.0094312,14.8833
0.00944,0.460205,,0.00944,14.8849
0.00944128,0.460526,,0.00944128,14.8849
0.00944384,0.460977,,0.00944384,14.8848
0.00944896,0.461882,,0.00944896,14.8845
0.00945408,0.462792,,0.00945408,14.8843
0.00946,0.463848,,0.00946,14.884
0.00946102,0.463516,,0.00946102,14.8841
0.00946307,0.462848,,0.00946307,14.8843
0.00946717,0.461516,,0.00946717,14.8846
0.00947536,0.458869,,0.00947536,14.8853
0.00948,0.4574,,0.00948,14.8857
0.00948164,0.457102,,0.00948164,14.8857
0.00948492,0.456498,,0.00948492,14.8859
0.00949147,0.455295,,0.00949147,14.8862
0.0095,0.453738,,0.0095,14.8866
0.00950131,0.455298,,0.00950131,14.8862
0.00950393,0.458432,,0.00950393,14.8854
0.00950918,0.464799,,0.00950918,14.8838
0.00951442,0.471411,,0.00951442,14.8821
0.00952,0.47865,,0.00952,14.8803
0.00952105,0.478258,,0.00952105,14.8804
0.00952315,0.477254,,0.00952315,14.8807
0.00952734,0.475255,,0.00952734,14.8812
0.00953573,0.471295,,0.00953573,14.8822
0.00954,0.469341,,0.00954,14.8827
0.00954168,0.467873,,0.00954168,14.883
0.00954503,0.464944,,0.00954503,14.8838
0.00955174,0.459167,,0.00955174,14.8852
0.00956,0.452284,,0.00956,14.8869
0.00956134,0.453234,,0.00956134,14.8867
0.00956403,0.454936,,0.00956403,14.8863
0.0095694,0.45837,,0.0095694,14.8854
0.00958,0.465269,,0.00958,14.8837
0.00958107,0.466941,,0.00958107,14.8833
0.00958322,0.470102,,0.00958322,14.8825
0.00958752,0.47652,,0.00958752,14.8809
0.00959611,0.489757,,0.00959611,14.8776
0.0096,0.496431,,0.0096,14.8759
0.00960172,0.494074,,0.00960172,14.8765
0.00960515,0.489245,,0.00960515,14.8777
0.00961203,0.479797,,0.00961203,14.8801
0.00962,0.469379,,0.00962,14.8827
0.00962137,0.468943,,0.00962137,14.8828
0.00962412,0.467624,,0.00962412,14.8831
0.00962962,0.465004,,0.00962962,14.8837
0.00964062,0.459829,,0.00964062,14.885
0.00965,0.455555,,0.00965,14.8861
0.009652,0.454905,,0.009652,14.8863
0.009656,0.453532,,0.009656,14.8866
0.009664,0.450805,,0.009664,14.8873
0.00967,0.448797,,0.00967,14.8878
0.0096716,0.449096,,0.0096716,14.8877
0.0096748,0.449677,,0.0096748,14.8876
0.0096812,0.450842,,0.0096812,14.8873
0.00969,0.452454,,0.00969,14.8869
0.00969128,0.452499,,0.00969128,14.8869
0.00969384,0.452577,,0.00969384,14.8869
0.00969896,0.452734,,0.00969896,14.8868
0.00970408,0.452892,,0.00970408,14.8868
0.00971,0.453073,,0.00971,14.8867
0.00971102,0.452604,,0.00971102,14.8868
0.00971307,0.451666,,0.00971307,14.8871
0.00971717,0.449801,,0.00971717,14.8875
0.00972536,0.446104,,0.00972536,14.8885
0.00973,0.44407,,0.00973,14.889
0.00973164,0.445506,,0.00973164,14.8886
0.00973492,0.448382,,0.00973492,14.8879
0.00974147,0.454219,,0.00974147,14.8864
0.00975,0.462068,,0.00975,14.8845
0.00975131,0.463367,,0.00975131,14.8842
0.00975393,0.465707,,0.00975393,14.8836
0.00975918,0.470439,,0.00975918,14.8824
0.00976442,0.475305,,0.00976442,14.8812
0.00977,0.480592,,0.00977,14.8799
0.00977105,0.481184,,0.00977105,14.8797
0.00977315,0.482254,,0.00977315,14.8794
0.00977734,0.484405,,0.00977734,14.8789
0.00978573,0.48875,,0.00978573,14.8778
0.00979,0.491037,,0.00979,14.8772
0.00979168,0.489593,,0.00979168,14.8776
0.00979503,0.486705,,0.00979503,14.8783
0.00980174,0.481006,,0.00980174,14.8797
0.00981,0.474202,,0.00981,14.8814
0.00981134,0.472828,,0.00981134,14.8818
0.00981403,0.46991,,0.00981403,14.8825
0.0098194,0.464153,,0.0098194,14.884
0.00983,0.453094,,0.00983,14.8867
0.00983107,0.454274,,0.00983107,14.8864
0.00983322,0.456126,,0.00983322,14.886
0.00983752,0.459863,,0.00983752,14.885
0.00984611,0.467476,,0.00984611,14.8831
0.00985,0.471157,,0.00985,14.8822
0.00985172,0.471464,,0.00985172,14.8821
0.00985515,0.472024,,0.00985515,14.882
0.00986203,0.473148,,0.00986203,14.8817
0.00987577,0.475406,,0.00987577,14.8811
0.00988,0.476118,,0.00988,14.881
0.009882,0.475172,,0.009882,14.8812
0.009886,0.473286,,0.009886,14.8817
0.009894,0.469549,,0.009894,14.8826
0.0099,0.466813,,0.0099,14.8833
0.0099016,0.466842,,0.0099016,14.8833
0.0099048,0.466866,,0.0099048,14.8833
0.0099112,0.466916,,0.0099112,14.8833
0.00992,0.466984,,0.00992,14.8833
0.00992128,0.465907,,0.00992128,14.8835
0.00992384,0.463766,,0.00992384,14.8841
0.00992896,0.459527,,0.00992896,14.8851
0.00993408,0.455394,,0.00993408,14.8862
0.00994,0.450694,,0.00994,14.8873
0.00994102,0.451586,,0.00994102,14.8871
0.00994307,0.453281,,0.00994307,14.8867
0.00994717,0.456699,,0.00994717,14.8858
0.00995536,0.463651,,0.00995536,14.8841
0.00996,0.467803,,0.00996,14.883
0.00996164,0.467977,,0.00996164,14.883
0.00996492,0.468252,,0.00996492,14.8829
0.00997147,0.468804,,0.00997147,14.8828
0.00998,0.469524,,0.00998,14.8826
0.00998131,0.469842,,0.00998131,14.8825
0.00998393,0.470476,,0.00998393,14.8824
0.00998918,0.471748,,0.00998918,14.8821
0.00999442,0.473029,,0.00999442,14.8817
0.01,0.474401,,0.01,14.8814
