X--Kurve 1::[P(U1) | P(TK6)],Y--Kurve 1::[P(U1) | P(TK6)]
0,3.7108
2e-07,3.70977
4e-07,3.70875
8e-07,3.7067
1.6e-06,3.70261
3.2e-06,3.69446
6.4e-06,3.67821
1.28e-05,3.64607
2e-05,3.61073
2.128e-05,3.61296
2.384e-05,3.61676
2.896e-05,3.62436
3.408e-05,3.632
4e-05,3.64088
4.1024e-05,3.64515
4.3072e-05,3.65366
4.7168e-05,3.67079
5.536e-05,3.7054
6e-05,3.72566
6.16384e-05,3.73332
6.49152e-05,3.74848
7.14688e-05,3.7791
8e-05,3.81978
8.13107e-05,3.82239
8.39322e-05,3.82674
8.9175e-05,3.83545
9.44179e-05,3.84422
0.0001,3.85359
0.000101049,3.85716
0.000103146,3.86427
0.00010734,3.87853
0.000115729,3.90729
0.00013,3.95708
0.000131678,3.95891
0.000135033,3.96129
0.000141744,3.96606
0.00015,3.97195
0.000151342,3.97099
0.000154027,3.96908
0.000159395,3.96525
0.00017,3.95771
0.000171074,3.96381
0.000173221,3.97602
0.000177516,4.00064
0.000186106,4.05053
0.00019,4.07428
0.000191718,4.08135
0.000195154,4.09527
0.000202026,4.12334
0.00021,4.15649
0.000211374,4.16785
0.000214123,4.1902
0.000219621,4.23543
0.00023,4.32296
0.0002311,4.33162
0.000233299,4.34534
0.000237697,4.37297
0.000246493,4.42903
0.00025,4.45262
0.000251759,4.46624
0.000255278,4.49347
0.000262315,4.54867
0.00027,4.61096
0.000271407,4.6049
0.000274222,4.59112
0.000279852,4.56375
0.00029,4.51508
0.000291126,4.51583
0.000293378,4.5163
0.000297881,4.51725
0.000306888,4.51913
0.00031,4.51979
0.000311801,4.52345
0.000315404,4.53078
0.00032261,4.5455
0.00033,4.56072
0.000331441,4.56063
0.000334323,4.56034
0.000340088,4.55978
0.00035,4.5588
0.000351153,4.55998
0.000353459,4.56233
0.00035807,4.56703
0.000367294,4.57646
0.00038,4.58952
0.000381845,4.5695
0.000385534,4.52983
0.000392913,4.45201
0.0004,4.3808
0.000401476,4.3866
0.000404427,4.39596
0.00041033,4.41476
0.00042,4.44587
0.000421181,4.44671
0.000423542,4.44798
0.000428264,4.45051
0.000437709,4.45558
0.00044,4.45681
0.000441889,4.44376
0.000445667,4.41783
0.000453223,4.36666
0.00046,4.32228
0.000461511,4.31675
0.000464533,4.30484
0.000470578,4.28116
0.00048,4.24474
0.000481209,4.252
0.000483627,4.26596
0.000488462,4.2941
0.000498134,4.3512
0.0005,4.36325
0.000501934,4.39526
0.000505803,4.46039
0.00051354,4.59506
0.00052,4.71776
0.000521547,4.71908
0.000524642,4.71521
0.000530832,4.70749
0.00054,4.6961
0.000541238,4.68197
0.000543714,4.65387
0.000548666,4.59843
0.000558569,4.49047
0.00056,4.47799
0.000561981,4.48704
0.000565942,4.50513
0.000573865,4.54166
0.00058,4.57064
0.000581585,4.57648
0.000584754,4.58781
0.000591092,4.61062
0.0006,4.64307
0.000601268,4.63556
0.000603803,4.62016
0.000608874,4.58958
0.000619015,4.52933
0.00063,4.46633
0.000632,4.47384
0.000636,4.48717
0.000644,4.51402
0.00065,4.53452
0.0006516,4.54223
0.0006548,4.55754
0.0006612,4.58838
0.00067,4.6315
0.00067128,4.64089
0.00067384,4.65892
0.00067896,4.69532
0.00068408,4.7325
0.00069,4.77614
0.000691024,4.76568
0.000693072,4.74407
0.000697168,4.7013
0.00070536,4.61749
0.00071,4.57295
0.000711638,4.54703
0.000714915,4.49508
0.000721469,4.39384
0.00073,4.26937
0.000731311,4.28505
0.000733932,4.30963
0.000739175,4.3594
0.000744418,4.41076
0.00075,4.46672
0.000751049,4.48246
0.000753146,4.51278
0.00075734,4.57433
0.000765729,4.70126
0.00077,4.7727
0.000771678,4.75044
0.000775033,4.70439
0.000781744,4.61427
0.00079,4.50877
0.000791342,4.50297
0.000794027,4.48663
0.000799395,4.45422
0.00081,4.39125
0.000811074,4.40463
0.000813221,4.42979
0.000817516,4.48077
0.000826106,4.58539
0.00083,4.63728
0.000831718,4.62377
0.000835154,4.5958
0.000842026,4.54064
0.00085,4.47862
0.000851374,4.47533
0.000854123,4.46708
0.000859621,4.45064
0.000870616,4.41805
0.00088,4.39082
0.000882,4.38134
0.000886,4.36213
0.000894,4.3241
0.0009,4.29633
0.0009016,4.30325
0.0009048,4.31677
0.0009112,4.34402
0.00092,4.38206
0.00092128,4.38732
0.00092384,4.39719
0.00092896,4.41703
0.00093408,4.43712
0.00094,4.46054
0.000941024,4.46582
0.000943072,4.47618
0.000947168,4.49699
0.00095536,4.53907
0.00096,4.56368
0.000961638,4.5619
0.000964915,4.55807
0.000971469,4.55043
0.00098,4.54053
0.000981311,4.54595
0.000983932,4.55676
0.000989175,4.57852
0.000994418,4.60056
0.001,4.62425
0.00100105,4.6241
0.00100315,4.62356
0.00100734,4.62248
0.00101573,4.62032
0.00102,4.61922
0.00102168,4.62062
0.00102503,4.62343
0.00103174,4.62904
0.00104,4.63597
0.00104134,4.6378
0.00104403,4.64142
0.0010494,4.64869
0.00106,4.6631
0.00106107,4.64889
0.00106322,4.62057
0.00106752,4.56471
0.00107611,4.456
0.00108,4.41127
0.00108172,4.4143
0.00108515,4.41944
0.00109203,4.42974
0.0011,4.44176
0.00110137,4.43536
0.00110412,4.42256
0.00110962,4.39712
0.00112,4.34972
0.0011211,4.34981
0.0011233,4.34899
0.0011277,4.34734
0.00113649,4.34406
0.00115,4.33903
0.00115176,4.34351
0.00115528,4.35248
0.00116231,4.37053
0.00117,4.39044
0.00117141,4.37725
0.00117422,4.35088
0.00117985,4.29885
0.00119,4.20761
0.00119113,4.20814
0.00119338,4.20537
0.00119788,4.19985
0.00120689,4.18883
0.00121,4.18508
0.0012118,4.20643
0.0012154,4.24967
0.00122261,4.33819
0.00123,4.43421
0.00123144,4.43536
0.00123432,4.43341
0.00124009,4.42952
0.00125,4.42283
0.00125115,4.43792
0.00125346,4.46835
0.00125807,4.53014
0.00126729,4.6576
0.00127,4.70056
0.00127184,4.66961
0.00127553,4.608
0.00128291,4.4884
0.00129,4.38167
0.00129148,4.55458
0.00129443,4.93836
0.00130033,5.93928
0.00131,8.89143
0.00131118,9.23782
0.00131354,10.0184
0.00131826,12.0559
0.00132771,20.3215
0.00133,24.3756
0.00133189,20.2071
0.00133567,15.0572
0.00134322,9.97357
0.00135,7.65526
0.00135151,7.6011
0.00135453,7.49467
0.00136058,7.28844
0.00137,6.99978
0.00137121,6.93581
0.00137363,6.81077
0.00137846,6.57892
0.00138813,6.15593
0.0014,5.70583
0.00140193,5.69363
0.0014058,5.66937
0.00141354,5.62131
0.00142,5.58218
0.00142155,5.58455
0.00142464,5.58875
0.00143083,5.59715
0.00144,5.60966
0.00144124,5.58351
0.00144371,5.53177
0.00144867,5.43042
0.00145857,5.24275
0.00146,5.21632
0.00146198,5.19539
0.00146594,5.1537
0.00147386,5.07181
0.00148,5.01142
0.00148158,4.99394
0.00148475,4.95783
0.00149109,4.88678
0.0015,4.7904
0.00150127,4.78749
0.0015038,4.77793
0.00150887,4.7589
0.00151394,4.74006
0.00152,4.71774
0.00152101,4.72258
0.00152304,4.73208
0.0015271,4.75117
0.00153521,4.78968
0.00154,4.81305
0.00154162,4.82125
0.00154487,4.8375
0.00155136,4.87024
0.00156,4.91458
0.0015613,4.88317
0.00156389,4.82058
0.00156909,4.69896
0.00157428,4.5856
0.00158,4.46624
0.00158104,4.44507
0.00158312,4.39715
0.00158727,4.30365
0.00159558,4.13258
0.0016,4.04416
0.00160166,4.03832
0.00160498,4.02299
0.00161163,3.99261
0.00162,3.95508
0.00162133,3.95805
0.00162399,3.96329
0.0016293,3.97381
0.00163994,3.99496
0.00165,4.01528
0.001652,4.01581
0.001656,4.01668
0.001664,4.01842
0.00167,4.01972
0.0016716,4.02316
0.0016748,4.03007
0.0016812,4.04392
0.00169,4.06314
0.00169128,4.05367
0.00169384,4.03466
0.00169896,3.99705
0.00170408,3.9604
0.00171,3.91872
0.00171102,3.91946
0.00171307,3.92008
0.00171717,3.9213
0.00172536,3.92374
0.00173,3.92512
0.00173164,3.92524
0.00173492,3.92548
0.00174147,3.92596
0.00175,3.92659
0.00175131,3.92958
0.00175393,3.93559
0.00175918,3.94765
0.00176442,3.95981
0.00177,3.97284
0.00177105,3.96022
0.00177315,3.93508
0.00177734,3.88553
0.00178573,3.78921
0.00179,3.74458
0.00179168,3.74643
0.00179503,3.74905
0.00180174,3.75429
0.00181,3.76075
0.00181134,3.7769
0.00181403,3.80951
0.0018194,3.876
0.00183,4.01755
0.00183107,4.03237
0.00183322,4.06228
0.00183752,4.12312
0.00184611,4.24894
0.00185,4.31303
0.00185172,4.32936
0.00185515,4.36046
0.00186203,4.42366
0.00187,4.49982
0.00187137,4.50433
0.00187412,4.51072
0.00187962,4.52355
0.00189062,4.54937
0.0019,4.57178
0.001902,4.57438
0.001906,4.57939
0.001914,4.58941
0.00192,4.59697
0.0019216,4.58741
0.0019248,4.56838
0.0019312,4.53066
0.00194,4.47985
0.00194128,4.4931
0.00194384,4.51867
0.00194896,4.57047
0.00195408,4.62392
0.00196,4.68708
0.00196102,4.68332
0.00196307,4.67408
0.00196717,4.65569
0.00197536,4.61923
0.00198,4.59915
0.00198164,4.62948
0.00198492,4.69097
0.00199147,4.81767
0.002,5.00066
0.00200131,5.01827
0.00200393,5.05381
0.00200918,5.12601
0.00201442,5.20109
0.00202,5.28335
0.00202105,5.28432
0.00202315,5.28365
0.00202734,5.2823
0.00203573,5.27962
0.00204,5.27826
0.00204168,5.27028
0.00204503,5.25438
0.00205174,5.22279
0.00206,5.18453
0.00206134,5.14042
0.00206403,5.05354
0.0020694,4.89167
0.00208,4.59823
0.00208107,4.58836
0.00208322,4.56873
0.00208752,4.52984
0.00209611,4.45353
0.0021,4.42121
0.00210172,4.40759
0.00210515,4.3801
0.00211203,4.32587
0.00212577,4.22039
0.00213,4.19181
0.002132,4.16573
0.002136,4.11398
0.002144,4.01336
0.00215,3.94347
0.0021516,3.95996
0.0021548,3.99077
0.0021612,4.05348
0.00217,4.1431
0.00217128,4.14301
0.00217384,4.13883
0.00217896,4.13048
0.00218408,4.12218
0.00219,4.11261
0.00219102,4.10809
0.00219307,4.09902
0.00219717,4.08098
0.00220536,4.04525
0.00221,4.02564
0.00221164,4.03148
0.00221492,4.04303
0.00222147,4.06626
0.00223,4.09695
0.00223131,4.08921
0.00223393,4.07333
0.00223918,4.04187
0.00224442,4.01106
0.00225,3.97875
0.00225105,3.99357
0.00225315,4.02298
0.00225734,4.08276
0.00226573,4.20638
0.00227,4.27658
0.00227168,4.29915
0.00227503,4.34262
0.00228174,4.43153
0.00229,4.54675
0.00229134,4.55868
0.00229403,4.5766
0.0022994,4.61274
0.00231,4.6854
0.00231107,4.6829
0.00231322,4.67561
0.00231752,4.66108
0.00232611,4.63221
0.00233,4.61944
0.00233172,4.6172
0.00233515,4.61266
0.00234203,4.60359
0.00235,4.59312
0.00235137,4.58903
0.00235412,4.58084
0.00235962,4.5645
0.00237,4.53392
0.0023711,4.52644
0.0023733,4.51112
0.0023777,4.48073
0.00238649,4.42086
0.0024,4.33183
0.00240176,4.33122
0.00240528,4.32645
0.00241231,4.31692
0.00242,4.30658
0.00242141,4.31445
0.00242422,4.33018
0.00242985,4.36193
0.00244,4.42013
0.00244113,4.43247
0.00244338,4.45576
0.00244788,4.50286
0.00245689,4.59934
0.00246,4.63604
0.0024618,4.6256
0.0024654,4.60428
0.00247261,4.56209
0.00248,4.51988
0.00248144,4.52518
0.00248432,4.535
0.00249009,4.55475
0.0025,4.58905
0.00250115,4.58794
0.00250346,4.58518
0.00250807,4.57968
0.00251729,4.56872
0.00252,4.56554
0.00252184,4.58681
0.00252553,4.62985
0.00253291,4.71775
0.00254,4.80673
0.00254148,4.81959
0.00254443,4.84211
0.00255033,4.88762
0.00256,4.96384
0.00256118,4.9554
0.00256354,4.93621
0.00256826,4.89818
0.00257771,4.82341
0.00258,4.80688
0.00258189,4.81566
0.00258567,4.83318
0.00259322,4.86851
0.0026,4.90086
0.00260151,4.89698
0.00260453,4.88879
0.00261058,4.87247
0.00262267,4.84008
0.00263,4.82088
0.002632,4.82656
0.002636,4.8378
0.002644,4.8604
0.00265,4.87758
0.0026516,4.87907
0.0026548,4.88194
0.0026612,4.88767
0.00267,4.89557
0.00267128,4.90493
0.00267384,4.92369
0.00267896,4.96157
0.00268408,5.00024
0.00269,5.04562
0.00269102,5.04854
0.00269307,5.05354
0.00269717,5.06357
0.00270536,5.08373
0.00271,5.0953
0.00271164,5.07008
0.00271492,5.02021
0.00272147,4.92267
0.00273,4.80181
0.00273131,4.79893
0.00273393,4.78731
0.00273918,4.76421
0.00274442,4.74142
0.00275,4.71737
0.00275105,4.71646
0.00275315,4.71438
0.00275734,4.71024
0.00276573,4.70197
0.00277,4.69778
0.00277168,4.69034
0.00277503,4.67552
0.00278174,4.64608
0.00279,4.61045
0.00279134,4.61964
0.00279403,4.63755
0.0027994,4.6737
0.00281,4.74636
0.00281107,4.73984
0.00281322,4.72458
0.00281752,4.69428
0.00282611,4.63454
0.00283,4.60881
0.00283172,4.591
0.00283515,4.55543
0.00284203,4.48553
0.00285,4.40763
0.00285137,4.42163
0.00285412,4.44716
0.00285962,4.49885
0.00287,4.59906
0.0028711,4.60125
0.0028733,4.60107
0.0028777,4.60073
0.00288649,4.60004
0.0029,4.59899
0.00290176,4.57727
0.00290528,4.53433
0.00291231,4.45027
0.00292,4.36292
0.00292141,4.36755
0.00292422,4.37341
0.00292985,4.38517
0.00294,4.40649
0.00294113,4.41769
0.00294338,4.44005
0.00294788,4.48525
0.00295689,4.57775
0.00296,4.61282
0.0029618,4.57629
0.0029654,4.50419
0.00297261,4.36502
0.00298,4.234
0.00298144,4.23136
0.00298432,4.21822
0.00299009,4.19216
0.003,4.14797
0.00300115,4.14547
0.00300346,4.13954
0.00300807,4.12773
0.00301729,4.10425
0.00302,4.09757
0.00302184,4.10062
0.00302553,4.10672
0.00303291,4.11895
0.00304,4.13079
0.00304148,4.15177
0.00304443,4.1942
0.00305033,4.28102
0.00306,4.43564
0.00306118,4.42598
0.00306354,4.40678
0.00306826,4.36876
0.00307771,4.29416
0.00308,4.27785
0.00308189,4.27098
0.00308567,4.25715
0.00309322,4.2297
0.0031,4.20553
0.00310151,4.1989
0.00310453,4.18541
0.00311058,4.15863
0.00312267,4.10583
0.00313,4.07517
0.003132,4.08588
0.003136,4.10697
0.003144,4.14964
0.00315,4.18268
0.0031516,4.1838
0.0031548,4.18553
0.0031612,4.18898
0.00317,4.19375
0.00317128,4.18158
0.00317384,4.15744
0.00317896,4.10976
0.00318408,4.06358
0.00319,4.01127
0.00319102,4.01375
0.00319307,4.01737
0.00319717,4.02462
0.00320536,4.03919
0.00321,4.04755
0.00321164,4.03059
0.00321492,3.99698
0.00322147,3.93103
0.00323,3.84868
0.00323131,3.85304
0.00323393,3.85834
0.00323918,3.86898
0.00324442,3.87969
0.00325,3.89116
0.00325105,3.89664
0.00325315,3.90758
0.00325734,3.9296
0.00326573,3.97419
0.00327,3.99786
0.00327168,3.98928
0.00327503,3.97194
0.00328174,3.93759
0.00329,3.89628
0.00329134,3.89204
0.00329403,3.88275
0.0032994,3.86427
0.00331,3.82815
0.00331107,3.83431
0.00331322,3.84602
0.00331752,3.86958
0.00332611,3.91736
0.00333,3.94009
0.00333172,3.95164
0.00333515,3.97465
0.00334203,4.02128
0.00335,4.07706
0.00335137,4.07677
0.00335412,4.07465
0.00335962,4.07041
0.00337,4.06243
0.0033711,4.06197
0.0033733,4.06102
0.0033777,4.05912
0.00338649,4.05532
0.0034,4.0495
0.00340176,4.02738
0.00340528,3.98373
0.00341231,3.89854
0.00342,3.8107
0.00342141,3.82022
0.00342422,3.8354
0.00342985,3.86601
0.00344,3.92223
0.00344113,3.92888
0.00344338,3.94059
0.00344788,3.96416
0.00345689,4.01194
0.00346,4.02937
0.0034618,4.01291
0.0034654,3.98016
0.00347261,3.91586
0.00348,3.85278
0.00348144,3.84473
0.00348432,3.82671
0.00349009,3.79104
0.0035,3.73104
0.00350115,3.73065
0.00350346,3.72797
0.00350807,3.72264
0.00351729,3.71202
0.00352,3.70894
0.00352184,3.72001
0.00352553,3.74231
0.00353291,3.78752
0.00354,3.83242
0.00354148,3.83961
0.00354443,3.85298
0.00355033,3.87992
0.00356,3.92478
0.00356118,3.94016
0.00356354,3.97018
0.00356826,4.03123
0.00357771,4.15764
0.00358,4.19409
0.00358189,4.2142
0.00358567,4.2543
0.00359322,4.33626
0.0036,4.41389
0.00360151,4.40193
0.00360453,4.3754
0.00361058,4.32308
0.00362267,4.22124
0.00363,4.16431
0.003632,4.14861
0.003636,4.11596
0.003644,4.05179
0.00365,4.00595
0.0036516,3.99476
0.0036548,3.97147
0.0036612,3.92553
0.00367,3.86414
0.00367128,3.86056
0.00367384,3.85153
0.00367896,3.83356
0.00368408,3.81581
0.00369,3.79547
0.00369102,3.79606
0.00369307,3.79701
0.00369717,3.79893
0.00370536,3.80276
0.00371,3.80494
0.00371164,3.80446
0.00371492,3.80349
0.00372147,3.80156
0.00373,3.79905
0.00373131,3.80598
0.00373393,3.81989
0.00373918,3.84794
0.00374442,3.87655
0.00375,3.90748
0.00375105,3.90686
0.00375315,3.90511
0.00375734,3.90163
0.00376573,3.8947
0.00377,3.89119
0.00377168,3.90017
0.00377503,3.91824
0.00378174,3.95475
0.00379,4.00075
0.00379134,3.99247
0.00379403,3.97493
0.0037994,3.94021
0.00381,3.87296
0.00381107,3.8715
0.00381322,3.86633
0.00381752,3.856
0.00382611,3.83549
0.00383,3.82638
0.00383172,3.83432
0.00383515,3.85024
0.00384203,3.88238
0.00385,3.92048
0.00385137,3.89678
0.00385412,3.84935
0.00385962,3.75705
0.00387,3.59915
0.0038711,3.59373
0.0038733,3.58293
0.0038777,3.56146
0.00388649,3.51911
0.0039,3.45591
0.00390176,3.46204
0.00390528,3.47208
0.00391231,3.49232
0.00392,3.51476
0.00392141,3.51755
0.00392422,3.52284
0.00392985,3.53346
0.00394,3.55275
0.00394113,3.56084
0.00394338,3.57689
0.00394788,3.60932
0.00395689,3.67553
0.00396,3.70038
0.0039618,3.70186
0.0039654,3.7045
0.00397261,3.7098
0.00398,3.71526
0.00398144,3.71778
0.00398432,3.72283
0.00399009,3.73296
0.004,3.75048
0.00400115,3.75969
0.00400346,3.77805
0.00400807,3.81517
0.00401729,3.89108
0.00402,3.91568
0.00402184,3.93126
0.00402553,3.96244
0.00403291,4.02593
0.00404,4.08968
0.00404148,4.0875
0.00404443,4.08114
0.00405033,4.06846
0.00406,4.04785
0.00406118,4.04593
0.00406354,4.0419
0.00406826,4.03386
0.00407771,4.01784
0.00408,4.01404
0.00408189,4.01385
0.00408567,4.01345
0.00409322,4.01266
0.0041,4.01194
0.00410151,4.00575
0.00410453,3.99342
0.00411058,3.96892
0.00412267,3.9206
0.00413,3.89249
0.004132,3.90307
0.004136,3.92396
0.004144,3.96627
0.00415,3.99906
0.0041516,4.01511
0.0041548,4.047
0.0041612,4.11193
0.00417,4.20481
0.00417128,4.19991
0.00417384,4.18592
0.00417896,4.15815
0.00418408,4.13088
0.00419,4.09973
0.00419102,4.09132
0.00419307,4.07412
0.00419717,4.04004
0.00420536,3.97315
0.00421,3.93744
0.00421164,3.94373
0.00421492,3.9557
0.00422147,3.97981
0.00423,4.01169
0.00423131,4.01213
0.00423393,4.01251
0.00423918,4.01326
0.00424442,4.01401
0.00425,4.01481
0.00425105,4.02519
0.00425315,4.04608
0.00425734,4.08834
0.00426573,4.17489
0.00427,4.22248
0.00427168,4.22402
0.00427503,4.22604
0.00428174,4.2301
0.00429,4.2351
0.00429134,4.2415
0.00429403,4.25435
0.0042994,4.28024
0.00431,4.33208
0.00431107,4.34104
0.00431322,4.35777
0.00431752,4.39152
0.00432611,4.46021
0.00433,4.4933
0.00433172,4.4798
0.00433515,4.45252
0.00434203,4.3987
0.00435,4.3382
0.00435137,4.33696
0.00435412,4.33283
0.00435962,4.32458
0.00437062,4.30815
0.00438,4.29429
0.004382,4.27022
0.004386,4.22267
0.004394,4.12993
0.0044,4.065
0.0044016,4.06291
0.0044048,4.05667
0.0044112,4.04424
0.00442,4.02726
0.00442128,4.02822
0.00442384,4.02999
0.00442896,4.03354
0.00443408,4.0371
0.00444,4.04123
0.00444102,4.03599
0.00444307,4.02555
0.00444717,4.00481
0.00445536,3.96378
0.00446,3.94138
0.00446164,3.94174
0.00446492,3.9422
0.00447147,3.94313
0.00448,3.94433
0.00448131,3.94894
0.00448393,3.95817
0.00448918,3.97672
0.00449442,3.99553
0.0045,4.01573
0.00450105,4.01297
0.00450315,4.00726
0.00450734,3.99589
0.00451573,3.97329
0.00452,3.96203
0.00452168,3.94106
0.00452503,3.89963
0.00453174,3.81869
0.00454,3.72433
0.00454134,3.72736
0.00454403,3.7288
0.0045494,3.73168
0.00456,3.73737
0.00456107,3.73803
0.00456322,3.73934
0.00456752,3.74195
0.00457611,3.74718
0.00458,3.74956
0.00458172,3.75571
0.00458515,3.76806
0.00459203,3.79294
0.0046,3.8223
0.00460137,3.82112
0.00460412,3.81832
0.00460962,3.81271
0.00462,3.80216
0.0046211,3.80023
0.0046233,3.79632
0.0046277,3.78849
0.00463649,3.77293
0.00465,3.74925
0.00465176,3.75977
0.00465528,3.78064
0.00466231,3.82291
0.00467,3.87047
0.00467141,3.86791
0.00467422,3.86162
0.00467985,3.84907
0.00469,3.82662
0.00469113,3.8256
0.00469338,3.8233
0.00469788,3.81869
0.00470689,3.8095
0.00471,3.80637
0.0047118,3.78626
0.0047154,3.74655
0.00472261,3.669
0.00473,3.59388
0.00473144,3.59281
0.00473432,3.58761
0.00474009,3.57723
0.00475,3.55952
0.00475115,3.5645
0.00475346,3.5743
0.00475807,3.59404
0.00476729,3.63401
0.00477,3.64642
0.00477184,3.63668
0.00477553,3.61726
0.00478291,3.57888
0.00479,3.54309
0.00479148,3.53428
0.00479443,3.51605
0.00480033,3.48002
0.00481,3.42241
0.00481118,3.41828
0.00481354,3.40814
0.00481826,3.38802
0.00482771,3.34831
0.00483,3.33933
0.00483189,3.33397
0.00483567,3.32324
0.00484322,3.30194
0.00485,3.28318
0.00485151,3.27772
0.00485453,3.26665
0.00486058,3.24468
0.00487,3.21097
0.00487121,3.20829
0.00487363,3.20224
0.00487846,3.19022
0.00488813,3.16636
0.0049,3.13766
0.00490193,3.14939
0.0049058,3.17258
0.00491354,3.2197
0.00492,3.26079
0.00492155,3.27237
0.00492464,3.29465
0.00493083,3.33991
0.00494,3.40921
0.00494124,3.40371
0.00494371,3.38986
0.00494867,3.36242
0.00495857,3.30854
0.00496,3.30183
0.00496198,3.30549
0.00496594,3.3128
0.00497386,3.32751
0.00498,3.33905
0.00498158,3.35033
0.00498475,3.37297
0.00499109,3.41898
0.005,3.48582
0.00500127,3.48267
0.0050038,3.47373
0.00500887,3.45596
0.00501394,3.43845
0.00502,3.41773
0.00502101,3.40927
0.00502304,3.39223
0.0050271,3.35852
0.00503521,3.29261
0.00504,3.25629
0.00504162,3.24591
0.00504487,3.22451
0.00505136,3.18233
0.00506,3.12799
0.0050613,3.1261
0.00506389,3.12049
0.00506909,3.1093
0.00507428,3.09824
0.00508,3.08612
0.00508104,3.09341
0.00508312,3.10799
0.00508727,3.13747
0.00509558,3.19768
0.0051,3.232
0.00510166,3.22904
0.00510498,3.22243
0.00511163,3.20926
0.00512492,3.18316
0.00513,3.17354
0.005132,3.16784
0.005136,3.15643
0.005144,3.13378
0.00515,3.11718
0.0051516,3.12298
0.0051548,3.13445
0.0051612,3.15758
0.00517,3.18996
0.00517128,3.18795
0.00517384,3.18324
0.00517896,3.17387
0.00518408,3.16457
0.00519,3.15388
0.00519102,3.15289
0.00519307,3.15085
0.00519717,3.14678
0.00520536,3.13866
0.00521,3.13409
0.00521164,3.13919
0.00521492,3.1494
0.00522147,3.16998
0.00523,3.19721
0.00523131,3.20384
0.00523393,3.21671
0.00523918,3.24267
0.00524442,3.26921
0.00525,3.29793
0.00525105,3.29639
0.00525315,3.2928
0.00525734,3.28565
0.00526573,3.27142
0.00527,3.26429
0.00527168,3.2654
0.00527503,3.2676
0.00528174,3.27201
0.00529,3.27745
0.00529134,3.27099
0.00529403,3.25813
0.0052994,3.23264
0.00531,3.18317
0.00531107,3.18883
0.00531322,3.19869
0.00531752,3.21854
0.00532611,3.25882
0.00533,3.27799
0.00533172,3.29812
0.00533515,3.3388
0.00534203,3.42243
0.00535,3.52596
0.00535137,3.53796
0.00535412,3.55578
0.00535962,3.5918
0.00537,3.6614
0.0053711,3.66507
0.0053733,3.66966
0.0053777,3.67888
0.00538649,3.69743
0.0054,3.72625
0.00540176,3.72555
0.00540528,3.72369
0.00541231,3.71997
0.00542,3.71591
0.00542141,3.71993
0.00542422,3.72797
0.00542985,3.74413
0.00544,3.77355
0.00544113,3.77106
0.00544338,3.76561
0.00544788,3.75475
0.00545689,3.73317
0.00546,3.72592
0.0054618,3.72088
0.0054654,3.71081
0.00547261,3.6908
0.00548,3.67057
0.00548144,3.66843
0.00548432,3.66392
0.00549009,3.65491
0.0055,3.63952
0.00550115,3.64273
0.00550346,3.64902
0.00550807,3.66167
0.00551729,3.68715
0.00552,3.6949
0.00552184,3.68999
0.00552553,3.68018
0.00553291,3.66068
0.00554,3.64221
0.00554148,3.64533
0.00554443,3.65139
0.00555033,3.66355
0.00556,3.68362
0.00556118,3.67851
0.00556354,3.66811
0.00556826,3.64745
0.00557771,3.60664
0.00558,3.59739
0.00558189,3.58632
0.00558567,3.56432
0.00559322,3.52092
0.0056,3.48333
0.00560151,3.49804
0.00560453,3.52694
0.00561058,3.58581
0.00562,3.68131
0.00562121,3.6876
0.00562363,3.69505
0.00562846,3.71
0.00563813,3.7402
0.00565,3.77802
0.00565193,3.77194
0.0056558,3.75907
0.00566354,3.73353
0.00567,3.71264
0.00567155,3.71072
0.00567464,3.70667
0.00568083,3.69857
0.00569,3.68664
0.00569124,3.68795
0.00569371,3.69049
0.00569867,3.69559
0.00570857,3.7058
0.00571,3.70731
0.00571198,3.70965
0.00571594,3.71432
0.00572386,3.72367
0.00573,3.73097
0.00573158,3.73808
0.00573475,3.75233
0.00574109,3.78108
0.00575,3.82225
0.00575127,3.81702
0.0057538,3.80571
0.00575887,3.78323
0.00576394,3.76112
0.00577,3.73499
0.00577101,3.72768
0.00577304,3.71278
0.0057771,3.68323
0.00578521,3.6252
0.00579,3.59278
0.00579162,3.59027
0.00579487,3.58466
0.00580136,3.5735
0.00581,3.55874
0.0058113,3.56494
0.00581389,3.57727
0.00581909,3.60212
0.00582428,3.62744
0.00583,3.65572
0.00583104,3.66301
0.00583312,3.67723
0.00583727,3.70592
0.00584558,3.76429
0.00585,3.79717
0.00585166,3.79425
0.00585498,3.78785
0.00586163,3.7751
0.00587492,3.74978
0.00588,3.7404
0.005882,3.73873
0.005886,3.73536
0.005894,3.72864
0.0059,3.72362
0.0059016,3.72011
0.0059048,3.71309
0.0059112,3.6991
0.00592,3.68004
0.00592128,3.66695
0.00592384,3.64079
0.00592896,3.58933
0.00593408,3.53984
0.00594,3.48406
0.00594102,3.47878
0.00594307,3.46653
0.00594717,3.44223
0.00595536,3.39438
0.00596,3.36859
0.00596164,3.3748
0.00596492,3.38685
0.00597147,3.41115
0.00598,3.44336
0.00598131,3.44866
0.00598393,3.45869
0.00598918,3.47889
0.00599442,3.49941
0.006,3.52152
0.00600105,3.52016
0.00600315,3.51719
0.00600734,3.51124
0.00601573,3.4994
0.00602,3.49344
0.00602168,3.5078
0.00602503,3.53679
0.00603174,3.59586
0.00604,3.67169
0.00604134,3.66992
0.00604403,3.66316
0.0060494,3.6497
0.00606,3.62335
0.00606107,3.61642
0.00606322,3.60226
0.00606752,3.57418
0.00607611,3.51901
0.00608,3.49551
0.00608172,3.50303
0.00608515,3.51782
0.00609203,3.54768
0.0061,3.5831
0.00610137,3.57456
0.00610412,3.55691
0.00610962,3.52198
0.00612062,3.45366
0.00613,3.3986
0.006132,3.3948
0.006136,3.38549
0.006144,3.36698
0.00615,3.35333
0.0061516,3.36543
0.0061548,3.38974
0.0061612,3.43916
0.00617,3.50959
0.00617128,3.51019
0.00617384,3.50845
0.00617896,3.50499
0.00618408,3.50154
0.00619,3.49755
0.00619102,3.49027
0.00619307,3.47578
0.00619717,3.44707
0.00620536,3.39071
0.00621,3.3606
0.00621164,3.36697
0.00621492,3.37922
0.00622147,3.40391
0.00623,3.43667
0.00623131,3.43773
0.00623393,3.43925
0.00623918,3.44228
0.00624442,3.44531
0.00625,3.44855
0.00625105,3.44014
0.00625315,3.42342
0.00625734,3.39036
0.00626573,3.32565
0.00627,3.29501
0.00627168,3.30212
0.00627503,3.31581
0.00628174,3.34345
0.00629,3.37819
0.00629134,3.38783
0.00629403,3.40651
0.0062994,3.44434
0.00631,3.52095
0.00631107,3.52687
0.00631322,3.53527
0.00631752,3.55216
0.00632611,3.58629
0.00633,3.60236
0.00633172,3.59766
0.00633515,3.58815
0.00634203,3.56924
0.00635,3.54759
0.00635137,3.53416
0.00635412,3.50729
0.00635962,3.45446
0.00637,3.35811
0.0063711,3.3601
0.0063733,3.35882
0.0063777,3.35627
0.00638649,3.35118
0.0064,3.3434
0.00640176,3.33968
0.00640528,3.33222
0.00641231,3.31739
0.00642,3.30137
0.00642141,3.29739
0.00642422,3.2893
0.00642985,3.2732
0.00644,3.24451
0.00644113,3.24999
0.00644338,3.2605
0.00644788,3.28167
0.00645689,3.32463
0.00646,3.34038
0.0064618,3.3515
0.0064654,3.37377
0.00647261,3.41898
0.00648,3.46706
0.00648144,3.46794
0.00648432,3.46834
0.00649009,3.46913
0.0065,3.4705
0.00650115,3.4705
0.00650346,3.4705
0.00650807,3.4705
0.00651729,3.4705
0.00652,3.4705
0.00652184,3.48214
0.00652553,3.50563
0.00653291,3.55331
0.00654,3.60087
0.00654148,3.60885
0.00654443,3.62361
0.00655033,3.6534
0.00656,3.70316
0.00656118,3.7108
0.00656354,3.72479
0.00656826,3.753
0.00657771,3.8104
0.00658,3.82559
0.00658189,3.82796
0.00658567,3.83258
0.00659322,3.84184
0.0066,3.8502
0.00660151,3.84789
0.00660453,3.84321
0.00661058,3.8339
0.00662,3.81948
0.00662121,3.81527
0.00662363,3.80679
0.00662846,3.7899
0.00663813,3.75647
0.00665,3.71637
0.00665193,3.71582
0.0066558,3.71388
0.00666354,3.71
0.00667,3.70677
0.00667155,3.69276
0.00667464,3.665
0.00668083,3.61041
0.00669,3.53243
0.00669124,3.53498
0.00669371,3.53675
0.00669867,3.54031
0.00670857,3.54743
0.00671,3.54847
0.00671198,3.55195
0.00671594,3.55891
0.00672386,3.57291
0.00673,3.58388
0.00673158,3.57757
0.00673475,3.56496
0.00674109,3.53993
0.00675,3.50537
0.00675127,3.50958
0.0067538,3.51736
0.00675887,3.53299
0.00676394,3.54882
0.00677,3.56789
0.00677101,3.56804
0.00677304,3.56813
0.0067771,3.56833
0.00678521,3.56872
0.00679,3.56894
0.00679162,3.57837
0.00679487,3.59734
0.00680136,3.63572
0.00681,3.68823
0.0068113,3.68456
0.00681389,3.67572
0.00681909,3.65813
0.00682428,3.64078
0.00683,3.62183
0.00683104,3.61736
0.00683312,3.60826
0.00683727,3.59015
0.00684558,3.55436
0.00685,3.53597
0.00685166,3.53468
0.00685498,3.53191
0.00686163,3.52638
0.00687492,3.51534
0.00688,3.51119
0.006882,3.52552
0.006886,3.55445
0.006894,3.6134
0.0069,3.6599
0.0069016,3.66879
0.0069048,3.68548
0.0069112,3.71922
0.00692,3.76665
0.00692128,3.76547
0.00692384,3.76192
0.00692896,3.75481
0.00693408,3.74773
0.00694,3.73958
0.00694102,3.74457
0.00694307,3.75456
0.00694717,3.77468
0.00695536,3.81538
0.00696,3.83932
0.00696164,3.84193
0.00696492,3.84686
0.00697147,3.85676
0.00698,3.86972
0.00698131,3.86566
0.00698393,3.85746
0.00698918,3.84116
0.00699442,3.82504
0.007,3.80801
0.00700105,3.80339
0.00700315,3.79401
0.00700734,3.77536
0.00701573,3.73847
0.00702,3.72037
0.00702168,3.7114
0.00702503,3.69341
0.00703174,3.65783
0.00704,3.61511
0.00704134,3.61425
0.00704403,3.61153
0.0070494,3.60609
0.00706,3.59539
0.00706107,3.58925
0.00706322,3.57695
0.00706752,3.55257
0.00707611,3.50452
0.00708,3.48389
0.00708172,3.48291
0.00708515,3.48067
0.00709203,3.47622
0.0071,3.47106
0.00710137,3.47215
0.00710412,3.47431
0.00710962,3.47863
0.00712062,3.48729
0.00713,3.49474
0.007132,3.49007
0.007136,3.48074
0.007144,3.46218
0.00715,3.4485
0.0071516,3.44123
0.0071548,3.42666
0.0071612,3.39781
0.00717,3.35896
0.00717128,3.35169
0.00717384,3.33635
0.00717896,3.30601
0.00718408,3.27641
0.00719,3.24275
0.00719102,3.24596
0.00719307,3.2517
0.00719717,3.26323
0.00720536,3.28647
0.00721,3.29997
0.00721164,3.31264
0.00721492,3.3381
0.00722147,3.38991
0.00723,3.46001
0.00723131,3.46914
0.00723393,3.48458
0.00723918,3.51575
0.00724442,3.54769
0.00725,3.5823
0.00725105,3.58218
0.00725315,3.58125
0.00725734,3.5794
0.00726573,3.57571
0.00727,3.57384
0.00727168,3.58195
0.00727503,3.59828
0.00728174,3.63127
0.00729,3.67282
0.00729134,3.669
0.00729403,3.66043
0.0072994,3.64335
0.00731,3.60999
0.00731107,3.60855
0.00731322,3.60508
0.00731752,3.59814
0.00732611,3.58434
0.00733,3.57817
0.00733172,3.58121
0.00733515,3.58727
0.00734203,3.59944
0.00735,3.61369
0.00735137,3.6126
0.00735412,3.61031
0.00735962,3.60572
0.00737,3.59709
0.0073711,3.59923
0.0073733,3.60349
0.0073777,3.61204
0.00738649,3.62922
0.0074,3.6559
0.00740176,3.66094
0.00740528,3.67065
0.00741231,3.69018
0.00742,3.71181
0.00742141,3.69978
0.00742422,3.67565
0.00742985,3.6281
0.00744,3.5449
0.00744113,3.5367
0.00744338,3.51666
0.00744788,3.4771
0.00745689,3.39998
0.00746,3.37603
0.0074618,3.36995
0.0074654,3.35747
0.00747261,3.33273
0.00748,3.30787
0.00748144,3.30235
0.00748432,3.29098
0.00749009,3.26843
0.0075,3.23027
0.00750115,3.23359
0.00750346,3.23934
0.00750807,3.25091
0.00751729,3.27421
0.00752,3.28131
0.00752184,3.27794
0.00752553,3.27118
0.00753291,3.25773
0.00754,3.24495
0.00754148,3.23373
0.00754443,3.21137
0.00755033,3.16735
0.00756,3.09754
0.00756118,3.09478
0.00756354,3.08624
0.00756826,3.06929
0.00757771,3.0358
0.00758,3.02819
0.00758189,3.03573
0.00758567,3.05087
0.00759322,3.08148
0.0076,3.10973
0.00760151,3.12131
0.00760453,3.14415
0.00761058,3.1906
0.00762,3.26559
0.00762121,3.26661
0.00762363,3.26506
0.00762846,3.26198
0.00763813,3.25581
0.00765,3.24828
0.00765193,3.24437
0.0076558,3.23652
0.00766354,3.2209
0.00767,3.20804
0.00767155,3.21842
0.00767464,3.23923
0.00768083,3.28147
0.00769,3.34602
0.00769124,3.35168
0.00769371,3.36046
0.00769867,3.37813
0.00770857,3.41386
0.00771,3.4195
0.00771198,3.43797
0.00771594,3.47537
0.00772386,3.55204
0.00773,3.61547
0.00773158,3.62279
0.00773475,3.63524
0.00774109,3.66032
0.00775,3.69618
0.00775127,3.69252
0.0077538,3.6845
0.00775887,3.66853
0.00776394,3.65275
0.00777,3.63405
0.00777101,3.62959
0.00777304,3.62051
0.0077771,3.60245
0.00778521,3.56673
0.00779,3.54636
0.00779162,3.54693
0.00779487,3.54782
0.00780136,3.54959
0.00781,3.55196
0.0078113,3.56683
0.00781389,3.59687
0.00781909,3.6581
0.00782428,3.72224
0.00783,3.79533
0.00783104,3.7922
0.00783312,3.7831
0.00783727,3.76498
0.00784558,3.72914
0.00785,3.71071
0.00785166,3.71343
0.00785498,3.7187
0.00786163,3.72928
0.00787492,3.75057
0.00788,3.75891
0.007882,3.7736
0.007886,3.80322
0.007894,3.86354
0.0079,3.91101
0.0079016,3.90218
0.0079048,3.88348
0.0079112,3.84649
0.00792,3.79682
0.00792128,3.78938
0.00792384,3.7733
0.00792896,3.74146
0.00793408,3.71035
0.00794,3.67494
0.00794102,3.68431
0.00794307,3.70249
0.00794717,3.73925
0.00795536,3.81444
0.00796,3.86008
0.00796164,3.85973
0.00796492,3.85795
0.00797147,3.85441
0.00798,3.8498
0.00798131,3.84048
0.00798393,3.82195
0.00798918,3.78528
0.00799442,3.74956
0.008,3.71223
0.00800105,3.71856
0.00800315,3.73053
0.00800734,3.75466
0.00801573,3.80362
0.00802,3.82976
0.00802168,3.81754
0.00802503,3.79294
0.00803174,3.74447
0.00804,3.68676
0.00804134,3.68092
0.00804403,3.66754
0.0080494,3.64099
0.00806,3.58939
0.00806107,3.58892
0.00806322,3.58653
0.00806752,3.58176
0.00807611,3.57225
0.00808,3.56798
0.00808172,3.56533
0.00808515,3.56001
0.00809203,3.54942
0.0081,3.53722
0.00810137,3.54124
0.00810412,3.54921
0.00810962,3.56524
0.00812062,3.59763
0.00813,3.62601
0.008132,3.63475
0.008136,3.65189
0.008144,3.68652
0.00815,3.71327
0.0081516,3.71425
0.0081548,3.71582
0.0081612,3.71897
0.00817,3.7233
0.00817128,3.73339
0.00817384,3.75371
0.00817896,3.79483
0.00818408,3.83721
0.00819,3.88725
0.00819102,3.88065
0.00819307,3.86621
0.00819717,3.83758
0.00820536,3.78126
0.00821,3.75098
0.00821164,3.74823
0.00821492,3.74224
0.00822147,3.73029
0.00823,3.71487
0.00823131,3.72949
0.00823393,3.75888
0.00823918,3.81871
0.00824442,3.8812
0.00825,3.94989
0.00825105,3.94912
0.00825315,3.94514
0.00825734,3.93719
0.00826573,3.92138
0.00827,3.91345
0.00827168,3.91055
0.00827503,3.90473
0.00828174,3.89313
0.00829,3.87897
0.00829134,3.87636
0.00829403,3.87104
0.0082994,3.86042
0.00831,3.83959
0.00831107,3.83418
0.00831322,3.82319
0.00831752,3.80133
0.00832611,3.75819
0.00833,3.73949
0.00833172,3.7429
0.00833515,3.74955
0.00834203,3.76289
0.00835,3.77851
0.00835137,3.78373
0.00835412,3.79406
0.00835962,3.81487
0.00837062,3.857
0.00838,3.89413
0.008382,3.88068
0.008386,3.85329
0.008394,3.7994
0.0084,3.76071
0.0084016,3.75055
0.0084048,3.72959
0.0084112,3.68821
0.00842,3.63286
0.00842128,3.62769
0.00842384,3.61575
0.00842896,3.59206
0.00843408,3.5688
0.00844,3.54221
0.00844102,3.54556
0.00844307,3.55189
0.00844717,3.56458
0.00845536,3.59017
0.00846,3.60504
0.00846164,3.6021
0.00846492,3.5961
0.00847147,3.58415
0.00848,3.56873
0.00848131,3.5626
0.00848393,3.55027
0.00848918,3.5258
0.00849442,3.50179
0.0085,3.47657
0.00850105,3.4807
0.00850315,3.48865
0.00850734,3.50462
0.00851573,3.53688
0.00852,3.55387
0.00852168,3.56039
0.00852503,3.57334
0.00853174,3.59943
0.00854,3.63213
0.00854134,3.6257
0.00854403,3.6123
0.0085494,3.58573
0.00856,3.5341
0.00856107,3.53792
0.00856322,3.54411
0.00856752,3.55651
0.00857611,3.58153
0.00858,3.59318
0.00858172,3.61334
0.00858515,3.65415
0.00859203,3.73786
0.0086,3.84092
0.00860137,3.84798
0.00860412,3.85642
0.00860962,3.87336
0.00862062,3.90757
0.00863,3.93754
0.008632,3.93833
0.008636,3.93946
0.008644,3.94171
0.00865,3.94341
0.0086516,3.92762
0.0086548,3.89636
0.0086612,3.83495
0.00867,3.75376
0.00867128,3.75476
0.00867384,3.75338
0.00867896,3.7506
0.00868408,3.74782
0.00869,3.74462
0.00869102,3.74864
0.00869307,3.75671
0.00869717,3.7729
0.00870536,3.8056
0.00871,3.82469
0.00871164,3.81031
0.00871492,3.78165
0.00872147,3.72528
0.00873,3.65461
0.00873131,3.64885
0.00873393,3.63472
0.00873918,3.60672
0.00874442,3.5793
0.00875,3.55053
0.00875105,3.55517
0.00875315,3.56401
0.00875734,3.5818
0.00876573,3.61777
0.00877,3.63676
0.00877168,3.64169
0.00877503,3.65136
0.00878174,3.67081
0.00879,3.69508
0.00879134,3.69588
0.00879403,3.69716
0.0087994,3.69974
0.00881,3.70482
0.00881107,3.71303
0.00881322,3.72955
0.00881752,3.76292
0.00882611,3.83101
0.00883,3.86411
0.00883172,3.86748
0.00883515,3.87368
0.00884203,3.88612
0.00885,3.90068
0.00885137,3.89959
0.00885412,3.89732
0.00885962,3.89279
0.00887,3.88425
0.0088711,3.89159
0.0088733,3.9063
0.0088777,3.93599
0.00888649,3.99637
0.0089,4.09257
0.00890176,4.09166
0.00890528,4.08513
0.00891231,4.07212
0.00892,4.05803
0.00892141,4.05431
0.00892422,4.04678
0.00892985,4.03178
0.00894,4.00497
0.00894113,4.00608
0.00894338,4.00795
0.00894788,4.0117
0.00895689,4.01921
0.00896,4.02183
0.0089618,4.02926
0.0089654,4.0442
0.00897261,4.07432
0.00898,4.10585
0.00898144,4.0998
0.00898432,4.08729
0.00899009,4.06241
0.009,4.02024
0.00900115,4.02072
0.00900346,4.02081
0.00900807,4.02098
0.00901729,4.02134
0.00902,4.02144
0.00902184,4.01646
0.00902553,4.00653
0.00903291,3.98678
0.00904,3.96806
0.00904148,3.95046
0.00904443,3.91548
0.00905033,3.84689
0.00906,3.73911
0.00906118,3.74754
0.00906354,3.75852
0.00906826,3.7806
0.00907771,3.82537
0.00908,3.83699
0.00908189,3.85066
0.00908567,3.87817
0.00909322,3.93409
0.0091,3.98634
0.00910151,3.98502
0.00910453,3.981
0.00911058,3.97297
0.00912,3.96053
0.00912121,3.95607
0.00912363,3.94707
0.00912846,3.92919
0.00913813,3.89378
0.00915,3.85134
0.00915193,3.85344
0.0091558,3.85674
0.00916354,3.86333
0.00917,3.86887
0.00917155,3.86919
0.00917464,3.8698
0.00918083,3.87103
0.00919,3.87285
0.00919124,3.87091
0.00919371,3.86704
0.00919867,3.85932
0.00920857,3.84395
0.00921,3.8418
0.00921198,3.83369
0.00921594,3.81755
0.00922386,3.78558
0.00923,3.76145
0.00923158,3.75728
0.00923475,3.74866
0.00924109,3.7315
0.00925,3.70765
0.00925127,3.70859
0.0092538,3.71017
0.00925887,3.71333
0.00926394,3.7165
0.00927,3.72028
0.00927101,3.70682
0.00927304,3.68013
0.0092771,3.62759
0.00928521,3.52586
0.00929,3.47149
0.00929162,3.4595
0.00929487,3.43402
0.00930136,3.38389
0.00931,3.31956
0.0093113,3.32464
0.00931389,3.3324
0.00931909,3.348
0.00932428,3.36379
0.00933,3.38135
0.00933104,3.38584
0.00933312,3.39464
0.00933727,3.41236
0.00934558,3.44822
0.00935,3.46806
0.00935166,3.48092
0.00935498,3.50666
0.00936163,3.55901
0.00937,3.62746
0.00937133,3.62754
0.00937399,3.62506
0.0093793,3.62011
0.00938994,3.61024
0.0094,3.60097
0.009402,3.60051
0.009406,3.59955
0.009414,3.59762
0.00942,3.59618
0.0094216,3.58649
0.0094248,3.56723
0.0094312,3.52917
0.00944,3.47821
0.00944128,3.48066
0.00944384,3.4841
0.00944896,3.491
0.00945408,3.49793
0.00946,3.50597
0.00946102,3.50344
0.00946307,3.49835
0.00946717,3.4882
0.00947536,3.46804
0.00948,3.45685
0.00948164,3.45459
0.00948492,3.44999
0.00949147,3.44082
0.0095,3.42897
0.00950131,3.44085
0.00950393,3.46472
0.00950918,3.5132
0.00951442,3.56358
0.00952,3.61874
0.00952105,3.61576
0.00952315,3.60811
0.00952734,3.59288
0.00953573,3.5627
0.00954,3.54781
0.00954168,3.53663
0.00954503,3.51431
0.00955174,3.47031
0.00956,3.41789
0.00956134,3.42513
0.00956403,3.43809
0.0095694,3.46425
0.00958,3.51678
0.00958107,3.52953
0.00958322,3.55361
0.00958752,3.60251
0.00959611,3.70338
0.0096,3.75429
0.00960172,3.73633
0.00960515,3.6995
0.00961203,3.62748
0.00962,3.54809
0.00962137,3.54478
0.00962412,3.53473
0.00962962,3.51477
0.00964062,3.47535
0.00965,3.4428
0.009652,3.43786
0.009656,3.4274
0.009664,3.40664
0.00967,3.39135
0.0096716,3.39362
0.0096748,3.39804
0.0096812,3.40692
0.00969,3.41919
0.00969128,3.41953
0.00969384,3.42013
0.00969896,3.42133
0.00970408,3.42252
0.00971,3.42391
0.00971102,3.42033
0.00971307,3.41319
0.00971717,3.39899
0.00972536,3.37084
0.00973,3.35536
0.00973164,3.36629
0.00973492,3.38819
0.00974147,3.43262
0.00975,3.4924
0.00975131,3.5023
0.00975393,3.52013
0.00975918,3.55618
0.00976442,3.59326
0.00977,3.63354
0.00977105,3.63806
0.00977315,3.64622
0.00977734,3.66261
0.00978573,3.69573
0.00979,3.71316
0.00979168,3.70216
0.00979503,3.68014
0.00980174,3.63669
0.00981,3.58485
0.00981134,3.57438
0.00981403,3.55214
0.0098194,3.50829
0.00983,3.42405
0.00983107,3.43305
0.00983322,3.44715
0.00983752,3.47561
0.00984611,3.5336
0.00985,3.56164
0.00985172,3.56399
0.00985515,3.56826
0.00986203,3.57682
0.00987577,3.59403
0.00988,3.59945
0.009882,3.59224
0.009886,3.57787
0.009894,3.54939
0.0099,3.52855
0.0099016,3.52877
0.0099048,3.52896
0.0099112,3.52934
0.00992,3.52986
0.00992128,3.52165
0.00992384,3.50534
0.00992896,3.47305
0.00993408,3.44158
0.00994,3.40579
0.00994102,3.41258
0.00994307,3.42549
0.00994717,3.45151
0.00995536,3.50446
0.00996,3.53609
0.00996164,3.53742
0.00996492,3.53952
0.00997147,3.54372
0.00998,3.54921
0.00998131,3.55163
0.00998393,3.55646
0.00998918,3.56615
0.00999442,3.57591
0.01,3.58636
